Date,Forecasted Milk Production
2025-01-01,2445.6800000000017
2025-01-02,2511.3199999999997
2025-01-03,2521.339
2025-01-04,2509.147
2025-01-05,2491.7250000000004
2025-01-06,2513.814999999999
2025-01-07,2507.2409999999995
2025-01-08,2487.9159999999997
2025-01-09,2518.438
2025-01-10,2507.452
2025-01-11,2437.4410000000003
2025-01-12,2493.0969999999998
2025-01-13,2518.8340000000003
2025-01-14,2521.501
2025-01-15,2507.4919999999997
2025-01-16,2529.0999999999995
2025-01-17,2552.0729999999994
2025-01-18,2563.9999999999995
2025-01-19,2568.548999999999
2025-01-20,2560.824999999999
2025-01-21,2543.083
2025-01-22,2543.1169999999984
2025-01-23,2532.167
2025-01-24,2558.649999999999
2025-01-25,2581.5149999999994
2025-01-26,2559.4359999999997
2025-01-27,2577.604
2025-01-28,2557.6439999999993
2025-01-29,2550.476
2025-01-30,2581.1259999999997
2025-01-31,2565.4010000000003
2025-02-01,2564.8119999999994
2025-02-02,2551.2189999999996
2025-02-03,2563.738999999999
2025-02-04,2554.3139999999994
2025-02-05,2570.8179999999998
2025-02-06,2571.6929999999998
2025-02-07,2563.5449999999996
2025-02-08,2572.8220000000006
2025-02-09,2579.532
2025-02-10,2586.964
2025-02-11,2567.185
2025-02-12,2580.604999999999
2025-02-13,2578.571
2025-02-14,2558.31
2025-02-15,2577.034
2025-02-16,2584.5600000000004
2025-02-17,2581.3969999999995
2025-02-18,2768.553
2025-02-19,2588.3729999999996
2025-02-20,2575.5849999999996
2025-02-21,2563.1909999999993
2025-02-22,2778.8559999999993
2025-02-23,2792.8959999999997
2025-02-24,2574.8369999999995
2025-02-25,2572.178999999999
2025-02-26,2605.695
2025-02-27,2577.5589999999997
2025-02-28,2592.971999999999
2025-03-01,2575.1959999999995
2025-03-02,2571.423999999999
2025-03-03,2558.26
2025-03-04,2583.778999999999
2025-03-05,2576.696999999999
2025-03-06,2569.280999999999
2025-03-07,2572.0580000000004
2025-03-08,2767.7589999999996
2025-03-09,2575.728
2025-03-10,2815.466
2025-03-11,2593.1169999999993
2025-03-12,2588.656
2025-03-13,2599.341
2025-03-14,2770.365
2025-03-15,2804.3120000000004
2025-03-16,2780.928
2025-03-17,2607.651
2025-03-18,2571.011
2025-03-19,2581.3730000000005
2025-03-20,2605.714
2025-03-21,2779.5480000000002
2025-03-22,2795.706
2025-03-23,2798.379
2025-03-24,2795.158
2025-03-25,2805.3599999999997
2025-03-26,2778.5539999999996
2025-03-27,2600.5080000000003
2025-03-28,2583.099999999999
2025-03-29,2582.363999999999
2025-03-30,2581.9799999999996
2025-03-31,2793.673
2025-04-01,2586.0589999999997
2025-04-02,2635.852999999999
2025-04-03,2608.802
2025-04-04,2618.048
2025-04-05,2640.8199999999993
2025-04-06,2619.9979999999996
2025-04-07,2629.486999999999
2025-04-08,2619.5379999999996
2025-04-09,2620.541
2025-04-10,2606.0
2025-04-11,2617.714
2025-04-12,2607.9219999999996
2025-04-13,2605.84
2025-04-14,2593.096
2025-04-15,2599.5650000000005
2025-04-16,2606.674
2025-04-17,2589.4680000000003
2025-04-18,2582.4519999999998
2025-04-19,2595.802
2025-04-20,2587.3520000000003
2025-04-21,2595.037
2025-04-22,2587.8540000000003
2025-04-23,2600.0600000000004
2025-04-24,2605.289
2025-04-25,2628.1940000000004
2025-04-26,2605.5460000000003
2025-04-27,2625.97
2025-04-28,2601.017
2025-04-29,2598.066
2025-04-30,2600.405
2025-05-01,2585.8450000000003
2025-05-02,2596.698
2025-05-03,2587.8250000000003
2025-05-04,2597.857
2025-05-05,2599.5699999999997
2025-05-06,2587.964
2025-05-07,2580.99
2025-05-08,2580.7219999999998
2025-05-09,2598.7450000000003
2025-05-10,2590.3760000000007
2025-05-11,2594.546
2025-05-12,2601.3680000000004
2025-05-13,2601.743
2025-05-14,2609.7770000000005
2025-05-15,2610.464
2025-05-16,2599.702
2025-05-17,2594.805
2025-05-18,2596.981
2025-05-19,2619.849
2025-05-20,2622.515
2025-05-21,2616.346000000001
2025-05-22,2619.0080000000003
2025-05-23,2607.771
2025-05-24,2599.332
2025-05-25,2600.5309999999995
2025-05-26,2605.128
2025-05-27,2600.0170000000007
2025-05-28,2609.122
2025-05-29,2616.516000000001
2025-05-30,2627.864
2025-05-31,2600.692
2025-06-01,2606.2160000000003
2025-06-02,2633.6289999999995
2025-06-03,2617.5969999999998
2025-06-04,2642.4100000000003
2025-06-05,2645.631
2025-06-06,2634.427
2025-06-07,2616.3950000000004
2025-06-08,2624.076
2025-06-09,2616.5260000000003
2025-06-10,2626.562
2025-06-11,2626.643
2025-06-12,2635.371
2025-06-13,2633.109
2025-06-14,2615.361
2025-06-15,2597.4780000000005
2025-06-16,2590.44
2025-06-17,2604.543000000001
2025-06-18,2593.7970000000005
2025-06-19,2599.9030000000007
2025-06-20,2595.3379999999997
2025-06-21,2606.978
2025-06-22,2600.091000000001
2025-06-23,2604.2900000000004
2025-06-24,2596.3720000000003
2025-06-25,2597.902
2025-06-26,2619.9870000000005
2025-06-27,2617.1410000000005
2025-06-28,2579.6749999999997
2025-06-29,2581.2110000000002
2025-06-30,2587.3840000000005
2025-07-01,2558.665
2025-07-02,2605.4970000000008
2025-07-03,2568.053
2025-07-04,2596.3089999999997
2025-07-05,2590.8230000000003
2025-07-06,2585.7919999999995
2025-07-07,2587.3989999999994
2025-07-08,2556.2669999999994
2025-07-09,2578.2619999999997
2025-07-10,2556.587
2025-07-11,2563.3439999999996
2025-07-12,2547.9159999999993
2025-07-13,2550.955
2025-07-14,2585.292999999999
2025-07-15,2578.554
2025-07-16,2552.8120000000004
2025-07-17,2580.242
2025-07-18,2576.0899999999997
2025-07-19,2564.518
2025-07-20,2568.651
2025-07-21,2570.5389999999998
2025-07-22,2576.446
2025-07-23,2576.556
2025-07-24,2602.2559999999994
2025-07-25,2554.14
2025-07-26,2584.229999999999
2025-07-27,2556.2439999999992
2025-07-28,2578.656
2025-07-29,2594.14
2025-07-30,2564.8529999999996
2025-07-31,2582.687
2025-08-01,2578.9329999999995
2025-08-02,2581.778
2025-08-03,2613.450999999999
2025-08-04,2837.222999999999
2025-08-05,2605.6769999999988
2025-08-06,2831.5769999999998
2025-08-07,2836.816
2025-08-08,2838.5089999999996
2025-08-09,2829.1949999999997
2025-08-10,2825.3319999999994
2025-08-11,2863.811
2025-08-12,2861.283
2025-08-13,2821.3299999999995
2025-08-14,2821.603
2025-08-15,2872.327
2025-08-16,2809.606
2025-08-17,2822.5419999999995
2025-08-18,2820.939
2025-08-19,2818.8089999999997
2025-08-20,2815.9389999999994
2025-08-21,2829.0819999999994
2025-08-22,2807.002
2025-08-23,2819.207999999999
2025-08-24,2811.4289999999996
2025-08-25,2830.3169999999996
2025-08-26,2820.6899999999996
2025-08-27,2793.598
2025-08-28,2808.196999999999
2025-08-29,2797.246
2025-08-30,2826.5209999999997
2025-08-31,2828.039999999999
2025-09-01,2831.913
2025-09-02,2797.7219999999998
2025-09-03,2831.032
2025-09-04,2816.769
2025-09-05,2822.921
2025-09-06,2841.883
2025-09-07,2799.785
2025-09-08,2838.1189999999997
2025-09-09,2783.7299999999996
2025-09-10,2851.2010000000005
2025-09-11,2835.694
2025-09-12,2841.8210000000004
2025-09-13,2847.297
2025-09-14,2833.427
2025-09-15,2826.7150000000006
2025-09-16,2840.3529999999996
2025-09-17,2836.194
2025-09-18,2831.686
2025-09-19,2814.242
2025-09-20,2817.9170000000004
2025-09-21,2814.6100000000006
2025-09-22,2822.8060000000005
2025-09-23,2800.4279999999985
2025-09-24,2804.701999999999
2025-09-25,2592.0309999999995
2025-09-26,2826.515
2025-09-27,2836.323
2025-09-28,2817.119
2025-09-29,2794.508
2025-09-30,2828.703
2025-10-01,2835.553000000001
2025-10-02,2834.66
2025-10-03,2801.9689999999996
2025-10-04,2825.0000000000005
2025-10-05,2824.504000000001
2025-10-06,2837.1030000000014
2025-10-07,2830.126
2025-10-08,2840.882000000001
2025-10-09,2829.754000000001
2025-10-10,2854.6199999999994
2025-10-11,2833.3990000000003
2025-10-12,2829.768000000001
2025-10-13,2837.766000000001
2025-10-14,2842.149
2025-10-15,2850.3840000000014
2025-10-16,2855.039000000001
2025-10-17,2852.6890000000008
2025-10-18,2897.6310000000008
2025-10-19,2870.2490000000007
2025-10-20,2881.5490000000013
2025-10-21,2896.008000000001
2025-10-22,2898.157000000001
2025-10-23,2911.2250000000017
2025-10-24,2921.1530000000007
2025-10-25,2908.1710000000007
2025-10-26,2920.5910000000013
2025-10-27,2901.2480000000005
2025-10-28,2921.8810000000008
2025-10-29,2914.4860000000012
2025-10-30,2906.542000000001
2025-10-31,2925.7780000000007
2025-11-01,2920.4070000000006
2025-11-02,2911.3490000000006
2025-11-03,2904.325000000001
2025-11-04,2898.793000000001
2025-11-05,2935.9600000000005
2025-11-06,2908.2300000000005
2025-11-07,2900.039
2025-11-08,2933.5990000000006
2025-11-09,2915.6160000000004
2025-11-10,2914.931000000001
2025-11-11,2916.243000000001
2025-11-12,2916.0030000000006
2025-11-13,2901.108
2025-11-14,2903.511
2025-11-15,2900.364000000001
2025-11-16,2920.6980000000012
2025-11-17,2898.0780000000004
2025-11-18,2891.818000000001
2025-11-19,2897.813000000001
2025-11-20,2881.329000000001
2025-11-21,2895.9829999999997
2025-11-22,2921.914000000001
2025-11-23,2690.9770000000003
2025-11-24,2909.781000000001
2025-11-25,2907.228000000001
2025-11-26,2897.272000000001
2025-11-27,2910.3430000000008
2025-11-28,2913.2670000000003
2025-11-29,2676.237
2025-11-30,2899.805000000001
2025-12-01,2894.3630000000007
2025-12-02,2878.943000000001
2025-12-03,2889.317000000001
2025-12-04,2878.313000000001
2025-12-05,2675.2720000000004
2025-12-06,2840.1440000000007
2025-12-07,2638.051000000001
2025-12-08,2721.4930000000004
2025-12-09,2669.77
2025-12-10,2667.9739999999997
2025-12-11,2648.21
2025-12-12,2648.584
2025-12-13,2866.9840000000004
2025-12-14,2652.0379999999996
2025-12-15,2647.8869999999993
2025-12-16,2638.004
2025-12-17,2604.3489999999993
2025-12-18,2636.6129999999994
2025-12-19,2631.673
2025-12-20,2599.2729999999997
2025-12-21,2590.6889999999994
2025-12-22,2578.9319999999993
2025-12-23,2592.739999999999
2025-12-24,2580.9709999999995
2025-12-25,2588.3319999999994
2025-12-26,2582.5389999999993
2025-12-27,2580.0779999999995
2025-12-28,2580.825
2025-12-29,2592.653
2025-12-30,2573.956999999999
2025-12-31,2564.2849999999994
2026-01-01,2573.280999999999
2026-01-02,2579.576999999999
2026-01-03,2555.258999999999
2026-01-04,2556.3319999999994
2026-01-05,2551.1599999999994
2026-01-06,2544.3959999999984
2026-01-07,2566.832999999999
2026-01-08,2570.870999999999
2026-01-09,2554.3599999999997
2026-01-10,2567.1589999999997
2026-01-11,2551.7439999999997
2026-01-12,2572.2229999999995
2026-01-13,2549.6719999999996
2026-01-14,2559.296
2026-01-15,2540.2069999999994
2026-01-16,2531.554999999999
2026-01-17,2532.0999999999995
2026-01-18,2523.4999999999995
2026-01-19,2527.7209999999995
2026-01-20,2539.1949999999997
2026-01-21,2552.2739999999994
2026-01-22,2776.407
2026-01-23,2573.787999999999
2026-01-24,2537.298999999999
2026-01-25,2580.641999999999
2026-01-26,2541.3519999999994
2026-01-27,2564.6259999999993
2026-01-28,2551.580999999999
2026-01-29,2763.078
2026-01-30,2582.3579999999993
2026-01-31,2574.1719999999996
2026-02-01,2560.304999999999
2026-02-02,2548.1699999999996
2026-02-03,2549.0309999999995
2026-02-04,2559.8809999999994
2026-02-05,2522.3069999999993
2026-02-06,2556.241999999999
2026-02-07,2539.3869999999993
2026-02-08,2542.058999999999
2026-02-09,2557.6979999999994
2026-02-10,2554.671999999999
2026-02-11,2564.7679999999987
2026-02-12,2772.2780000000002
2026-02-13,2568.817999999999
2026-02-14,2568.2699999999995
2026-02-15,2760.402
2026-02-16,2753.6379999999995
2026-02-17,2574.3289999999993
2026-02-18,2744.9469999999997
2026-02-19,2791.5769999999998
2026-02-20,2794.4010000000007
2026-02-21,2790.324
2026-02-22,2584.9439999999995
2026-02-23,2581.376
2026-02-24,2657.0659999999993
2026-02-25,2785.578
2026-02-26,2762.2019999999998
2026-02-27,2582.3879999999995
2026-02-28,2577.8409999999994
2026-03-01,2565.6929999999998
2026-03-02,2585.210999999999
2026-03-03,2568.619999999999
2026-03-04,2569.8109999999992
2026-03-05,2565.9779999999996
2026-03-06,2558.6729999999993
2026-03-07,2554.073999999999
2026-03-08,2553.296999999999
2026-03-09,2550.7149999999992
2026-03-10,2553.99
2026-03-11,2573.8109999999997
2026-03-12,2545.6479999999997
2026-03-13,2567.196999999999
2026-03-14,2577.1599999999994
2026-03-15,2575.421999999999
2026-03-16,2564.912
2026-03-17,2584.782
2026-03-18,2568.7719999999995
2026-03-19,2582.747
2026-03-20,2594.806
2026-03-21,2601.7959999999994
2026-03-22,2570.393
2026-03-23,2578.9219999999996
2026-03-24,2604.3829999999994
2026-03-25,2585.9109999999996
2026-03-26,2576.5709999999995
2026-03-27,2586.7309999999993
2026-03-28,2565.8519999999994
2026-03-29,2564.5799999999995
2026-03-30,2568.8549999999996
2026-03-31,2575.8759999999993
2026-04-01,2583.4449999999997
2026-04-02,2564.9009999999994
2026-04-03,2587.9769999999994
2026-04-04,2579.8009999999995
2026-04-05,2577.605
2026-04-06,2594.1529999999993
2026-04-07,2590.3249999999994
2026-04-08,2599.402999999999
2026-04-09,2592.0689999999995
2026-04-10,2597.646
2026-04-11,2581.6459999999997
2026-04-12,2573.8529999999996
2026-04-13,2612.2509999999997
2026-04-14,2606.5
2026-04-15,2597.722
2026-04-16,2594.747
2026-04-17,2590.921
2026-04-18,2572.129
2026-04-19,2588.9579999999996
2026-04-20,2562.83
2026-04-21,2590.2999999999997
2026-04-22,2601.6810000000005
2026-04-23,2589.0279999999993
2026-04-24,2611.361
2026-04-25,2585.0750000000003
2026-04-26,2576.172
2026-04-27,2575.7119999999995
2026-04-28,2576.2489999999993
2026-04-29,2574.2419999999997
2026-04-30,2590.0629999999996
2026-05-01,2586.4519999999998
2026-05-02,2576.054
2026-05-03,2564.9689999999996
2026-05-04,2600.147
2026-05-05,2589.4099999999994
2026-05-06,2599.05
2026-05-07,2615.6399999999994
2026-05-08,2573.6959999999995
2026-05-09,2596.425
2026-05-10,2621.4689999999996
2026-05-11,2589.0409999999997
2026-05-12,2580.883
2026-05-13,2595.5399999999995
2026-05-14,2612.1309999999994
2026-05-15,2587.0139999999997
2026-05-16,2587.011
2026-05-17,2588.1690000000003
2026-05-18,2570.1359999999995
2026-05-19,2594.7179999999994
2026-05-20,2577.3529999999996
2026-05-21,2583.113
2026-05-22,2576.434
2026-05-23,2557.22
2026-05-24,2576.0319999999992
2026-05-25,2591.3849999999998
2026-05-26,2574.06
2026-05-27,2569.981999999999
2026-05-28,2585.716
2026-05-29,2566.635999999999
2026-05-30,2566.3309999999997
2026-05-31,2588.643
2026-06-01,2566.8879999999995
2026-06-02,2573.603
2026-06-03,2586.748
2026-06-04,2594.3320000000003
2026-06-05,2570.2529999999992
2026-06-06,2589.935
2026-06-07,2588.5899999999997
2026-06-08,2585.453
2026-06-09,2591.27
2026-06-10,2569.3579999999993
2026-06-11,2592.1530000000002
2026-06-12,2614.955
2026-06-13,2623.397
2026-06-14,2617.539
2026-06-15,2614.042
2026-06-16,2617.355
2026-06-17,2605.671
2026-06-18,2606.5830000000005
2026-06-19,2609.217
2026-06-20,2611.466000000001
2026-06-21,2593.4950000000003
2026-06-22,2609.7989999999995
2026-06-23,2590.748
2026-06-24,2594.986
2026-06-25,2589.9100000000003
2026-06-26,2581.551
2026-06-27,2595.7799999999997
2026-06-28,2580.5180000000005
2026-06-29,2599.0540000000005
2026-06-30,2597.668
2026-07-01,2588.96
2026-07-02,2594.9020000000005
2026-07-03,2577.2949999999996
2026-07-04,2594.8880000000004
2026-07-05,2586.1
2026-07-06,2600.327
2026-07-07,2596.6939999999995
2026-07-08,2603.618
2026-07-09,2579.7329999999997
2026-07-10,2584.404
2026-07-11,2593.7669999999994
2026-07-12,2591.606
2026-07-13,2585.385
2026-07-14,2590.5830000000005
2026-07-15,2588.5620000000004
2026-07-16,2580.9889999999996
2026-07-17,2581.19
2026-07-18,2573.0499999999997
2026-07-19,2592.467
2026-07-20,2593.516
2026-07-21,2574.9759999999997
2026-07-22,2588.5789999999997
2026-07-23,2583.4359999999997
2026-07-24,2579.3689999999992
2026-07-25,2577.179
2026-07-26,2579.0769999999998
2026-07-27,2578.0
2026-07-28,2581.6219999999994
2026-07-29,2569.5550000000003
2026-07-30,2574.3099999999995
2026-07-31,2575.731
2026-08-01,2830.6929999999998
2026-08-02,2617.7099999999996
2026-08-03,2850.0679999999998
2026-08-04,2830.656
2026-08-05,2588.5899999999997
2026-08-06,2589.6869999999994
2026-08-07,2819.745
2026-08-08,2820.7470000000003
2026-08-09,2857.236
2026-08-10,2840.6479999999997
2026-08-11,2848.1529999999993
2026-08-12,2834.3779999999997
2026-08-13,2850.9859999999994
2026-08-14,2833.6349999999998
2026-08-15,2832.6369999999993
2026-08-16,2851.891999999999
2026-08-17,2847.7810000000004
2026-08-18,2868.285
2026-08-19,2855.133
2026-08-20,2847.569
2026-08-21,2845.5619999999994
2026-08-22,2842.5449999999987
2026-08-23,2850.486
2026-08-24,2843.1929999999993
2026-08-25,2841.9859999999994
2026-08-26,2847.7309999999998
2026-08-27,2839.243999999999
2026-08-28,2850.4019999999996
2026-08-29,2837.511
2026-08-30,2870.7709999999997
2026-08-31,2862.319
2026-09-01,2872.5369999999994
2026-09-02,2859.819
2026-09-03,2828.8939999999993
2026-09-04,2831.1059999999993
2026-09-05,2829.7859999999996
2026-09-06,2844.498
2026-09-07,2844.325
2026-09-08,2845.9239999999995
2026-09-09,2837.3869999999997
2026-09-10,2829.4959999999996
2026-09-11,2853.6859999999997
2026-09-12,2823.068
2026-09-13,2862.363
2026-09-14,2719.9869999999996
2026-09-15,2870.924
2026-09-16,2859.3260000000005
2026-09-17,2877.9869999999996
2026-09-18,2868.3509999999997
2026-09-19,2854.483
2026-09-20,2874.3879999999995
2026-09-21,2869.758
2026-09-22,2874.5600000000004
2026-09-23,2847.006
2026-09-24,2840.5679999999998
2026-09-25,2861.3089999999997
2026-09-26,2828.5400000000004
2026-09-27,2859.2949999999996
2026-09-28,2848.8270000000007
2026-09-29,2878.6870000000004
2026-09-30,2857.1119999999996
2026-10-01,2858.18
2026-10-02,2905.8920000000003
2026-10-03,2875.6319999999996
2026-10-04,2870.461
2026-10-05,2881.537
2026-10-06,2873.6539999999995
2026-10-07,2898.72
2026-10-08,2880.6349999999998
2026-10-09,2883.083
2026-10-10,2889.134000000001
2026-10-11,2897.5909999999994
2026-10-12,2903.3450000000003
2026-10-13,2909.5769999999998
2026-10-14,2919.478
2026-10-15,2902.3700000000003
2026-10-16,2900.774
2026-10-17,2917.493
2026-10-18,2918.647
2026-10-19,2909.741
2026-10-20,2880.2900000000004
2026-10-21,2900.1490000000003
2026-10-22,2879.7989999999995
2026-10-23,2885.3100000000004
2026-10-24,2897.013
2026-10-25,2924.8080000000004
2026-10-26,2909.5640000000003
2026-10-27,2920.338
2026-10-28,2918.5320000000006
2026-10-29,2907.92
2026-10-30,2930.711000000001
2026-10-31,2903.492
2026-11-01,2896.7799999999997
2026-11-02,2887.2200000000003
2026-11-03,2913.9370000000004
2026-11-04,2915.225
2026-11-05,2895.2880000000005
2026-11-06,2924.885
2026-11-07,2870.706
2026-11-08,2870.5339999999997
2026-11-09,2914.549
2026-11-10,2872.316
2026-11-11,2861.0530000000003
2026-11-12,2877.8780000000006
2026-11-13,2879.5050000000006
2026-11-14,2843.3610000000003
2026-11-15,2880.183
2026-11-16,2881.8690000000006
2026-11-17,2876.963
2026-11-18,2859.5180000000014
2026-11-19,2858.734000000001
2026-11-20,2874.4380000000006
2026-11-21,2862.2340000000013
2026-11-22,2846.120000000001
2026-11-23,2837.338
2026-11-24,2870.8630000000007
2026-11-25,2851.564000000001
2026-11-26,2852.5830000000005
2026-11-27,2848.4050000000007
2026-11-28,2838.868000000001
2026-11-29,2818.264
2026-11-30,2855.267000000001
2026-12-01,2832.0790000000006
2026-12-02,2830.6890000000008
2026-12-03,2812.038
2026-12-04,2833.533000000001
2026-12-05,2817.907000000001
2026-12-06,2860.935
2026-12-07,2859.947
2026-12-08,2827.5380000000005
2026-12-09,2821.801000000001
2026-12-10,2833.242000000001
2026-12-11,2846.1240000000003
2026-12-12,2823.862
2026-12-13,2812.433
2026-12-14,2818.475
2026-12-15,2814.496000000001
2026-12-16,2585.1529999999993
2026-12-17,2816.7380000000007
2026-12-18,2590.3289999999997
2026-12-19,2578.0139999999997
2026-12-20,2580.8489999999993
2026-12-21,2579.1569999999992
2026-12-22,2569.700999999999
2026-12-23,2593.5379999999996
2026-12-24,2575.5409999999993
2026-12-25,2570.1069999999995
2026-12-26,2581.352
2026-12-27,2576.8839999999996
2026-12-28,2591.3799999999997
2026-12-29,2571.823999999999
2026-12-30,2597.3859999999995
2026-12-31,2584.6859999999992
2027-01-01,2580.7369999999996
2027-01-02,2576.0329999999994
2027-01-03,2559.0599999999995
2027-01-04,2800.228
2027-01-05,2810.8669999999993
2027-01-06,2588.9719999999998
2027-01-07,2561.0489999999995
2027-01-08,2569.9909999999995
2027-01-09,2559.2559999999994
2027-01-10,2568.9709999999995
2027-01-11,2576.3319999999994
2027-01-12,2567.4929999999995
2027-01-13,2598.5979999999995
2027-01-14,2581.3369999999995
2027-01-15,2590.284
2027-01-16,2586.224
2027-01-17,2581.3669999999997
2027-01-18,2586.363
2027-01-19,2588.602
2027-01-20,2569.191
2027-01-21,2568.321
2027-01-22,2589.600999999999
2027-01-23,2579.7349999999997
2027-01-24,2566.133
2027-01-25,2600.158
2027-01-26,2579.9739999999997
2027-01-27,2579.8879999999995
2027-01-28,2565.265
2027-01-29,2578.1979999999994
2027-01-30,2566.8309999999997
2027-01-31,2570.767
2027-02-01,2572.445
2027-02-02,2579.9449999999997
2027-02-03,2581.883999999999
2027-02-04,2583.315
2027-02-05,2791.639
2027-02-06,2801.2219999999998
2027-02-07,2813.4339999999997
2027-02-08,2808.725
2027-02-09,2592.229
2027-02-10,2809.526
2027-02-11,2812.6969999999997
2027-02-12,2812.583
2027-02-13,2587.0299999999993
2027-02-14,2604.984
2027-02-15,2585.831
2027-02-16,2791.39
2027-02-17,2820.3369999999995
2027-02-18,2821.7009999999996
2027-02-19,2812.028
2027-02-20,2814.326
2027-02-21,2794.3579999999997
2027-02-22,2836.9529999999995
2027-02-23,2826.2129999999993
2027-02-24,2836.042
2027-02-25,2820.205
2027-02-26,2614.9569999999994
2027-02-27,2812.551
2027-02-28,2801.439
2027-03-01,2828.412
2027-03-02,2835.1079999999997
2027-03-03,2830.5809999999997
2027-03-04,2831.1440000000002
2027-03-05,2842.823
2027-03-06,2817.330999999999
2027-03-07,2830.141
2027-03-08,2801.7809999999995
2027-03-09,2846.2699999999995
2027-03-10,2844.5079999999994
2027-03-11,2849.019
2027-03-12,2825.0609999999997
2027-03-13,2862.4669999999996
2027-03-14,2866.9599999999996
2027-03-15,2857.3259999999996
2027-03-16,2860.2
2027-03-17,2858.127
2027-03-18,2617.1479999999997
2027-03-19,2843.7639999999997
2027-03-20,2700.7279999999987
2027-03-21,2732.642
2027-03-22,2653.9109999999996
2027-03-23,2868.1629999999996
2027-03-24,2653.6559999999995
2027-03-25,2838.014
2027-03-26,2851.561
2027-03-27,2621.3889999999997
2027-03-28,2856.3839999999996
2027-03-29,2634.153999999999
2027-03-30,2842.1209999999996
2027-03-31,2851.801
2027-04-01,2842.8489999999993
2027-04-02,2847.9089999999997
2027-04-03,2853.8379999999993
2027-04-04,2850.409
2027-04-05,2856.5459999999994
2027-04-06,2852.448999999999
2027-04-07,2654.3059999999996
2027-04-08,2861.9429999999998
2027-04-09,2666.1729999999993
2027-04-10,2659.1339999999996
2027-04-11,2667.754999999999
2027-04-12,2652.138999999999
2027-04-13,2618.338999999999
2027-04-14,2621.2699999999995
2027-04-15,2643.450999999999
2027-04-16,2633.142
2027-04-17,2637.931
2027-04-18,2637.6259999999997
2027-04-19,2634.8449999999993
2027-04-20,2634.658
2027-04-21,2619.661
2027-04-22,2626.839
2027-04-23,2627.1029999999996
2027-04-24,2628.6609999999996
2027-04-25,2622.366
2027-04-26,2628.2549999999997
2027-04-27,2640.095
2027-04-28,2627.9549999999995
2027-04-29,2632.5159999999996
2027-04-30,2607.282
2027-05-01,2626.7490000000003
2027-05-02,2867.754999999999
2027-05-03,2627.942
2027-05-04,2638.159
2027-05-05,2625.381
2027-05-06,2642.171
2027-05-07,2621.199
2027-05-08,2633.1320000000005
2027-05-09,2620.8620000000005
2027-05-10,2618.898
2027-05-11,2645.73
2027-05-12,2624.205000000001
2027-05-13,2594.0210000000006
2027-05-14,2604.4030000000002
2027-05-15,2617.870000000001
2027-05-16,2633.518
2027-05-17,2636.9579999999996
2027-05-18,2635.3309999999997
2027-05-19,2622.752
2027-05-20,2614.4449999999997
2027-05-21,2616.495
2027-05-22,2629.953
2027-05-23,2616.9780000000005
2027-05-24,2629.9940000000006
2027-05-25,2627.4379999999996
2027-05-26,2632.0799999999995
2027-05-27,2618.8000000000006
2027-05-28,2621.8269999999998
2027-05-29,2623.068
2027-05-30,2618.949
2027-05-31,2628.4269999999997
2027-06-01,2636.692
2027-06-02,2621.8319999999994
2027-06-03,2612.295
2027-06-04,2633.381
2027-06-05,2625.0910000000003
2027-06-06,2610.9719999999998
2027-06-07,2599.921999999999
2027-06-08,2602.9230000000002
2027-06-09,2587.5769999999998
2027-06-10,2598.8169999999996
2027-06-11,2593.92
2027-06-12,2605.1330000000003
2027-06-13,2609.3109999999997
2027-06-14,2612.003
2027-06-15,2611.8209999999995
2027-06-16,2638.662
2027-06-17,2614.6090000000004
2027-06-18,2616.851
2027-06-19,2630.776
2027-06-20,2644.647
2027-06-21,2653.884
2027-06-22,2610.816
2027-06-23,2614.1420000000003
2027-06-24,2638.325
2027-06-25,2626.32
2027-06-26,2634.7259999999997
2027-06-27,2638.587
2027-06-28,2640.1279999999997
2027-06-29,2658.982
2027-06-30,2648.1629999999996
2027-07-01,2643.0879999999993
2027-07-02,2655.1809999999996
2027-07-03,2649.8209999999995
2027-07-04,2653.2929999999997
2027-07-05,2623.729
2027-07-06,2650.7829999999994
2027-07-07,2657.255999999999
2027-07-08,2654.614
2027-07-09,2659.4059999999995
2027-07-10,2649.268
2027-07-11,2639.6419999999994
2027-07-12,2642.603999999999
2027-07-13,2629.819
2027-07-14,2620.2709999999993
2027-07-15,2632.692999999999
2027-07-16,2648.596999999999
2027-07-17,2676.4809999999993
2027-07-18,2639.2549999999987
2027-07-19,2656.065999999999
2027-07-20,2662.413999999999
2027-07-21,2651.582
2027-07-22,2640.3059999999996
2027-07-23,2634.7699999999995
2027-07-24,2641.255999999999
2027-07-25,2635.499
2027-07-26,2651.751999999999
2027-07-27,2659.3559999999998
2027-07-28,2636.0499999999993
2027-07-29,2612.044
2027-07-30,2604.9669999999987
2027-07-31,2620.9059999999995
2027-08-01,2646.9119999999994
2027-08-02,2614.5529999999994
2027-08-03,2641.2839999999997
2027-08-04,2641.705999999999
2027-08-05,2609.1579999999994
2027-08-06,2610.8249999999994
2027-08-07,2658.675999999999
2027-08-08,2668.446999999999
2027-08-09,2639.0279999999984
2027-08-10,2643.604999999999
2027-08-11,2662.952999999999
2027-08-12,2635.555999999999
2027-08-13,2626.164999999999
2027-08-14,2615.842
2027-08-15,2654.8139999999994
2027-08-16,2618.854999999999
2027-08-17,2644.190999999999
2027-08-18,2609.870999999999
2027-08-19,2633.403999999999
2027-08-20,2629.111999999999
2027-08-21,2637.968
2027-08-22,2645.4549999999995
2027-08-23,2612.918999999999
2027-08-24,2634.6579999999985
2027-08-25,2632.8139999999994
2027-08-26,2666.0269999999996
2027-08-27,2626.2759999999994
2027-08-28,2643.2839999999987
2027-08-29,2628.5319999999992
2027-08-30,2636.8679999999995
2027-08-31,2631.280999999999
2027-09-01,2643.0169999999994
2027-09-02,2622.8229999999994
2027-09-03,2644.0999999999995
2027-09-04,2629.5999999999995
2027-09-05,2640.907999999999
2027-09-06,2640.9159999999993
2027-09-07,2611.9749999999995
2027-09-08,2622.599999999999
2027-09-09,2633.9839999999995
2027-09-10,2641.108999999999
2027-09-11,2637.050999999999
2027-09-12,2646.018999999999
2027-09-13,2626.348999999999
2027-09-14,2634.557999999999
2027-09-15,2645.5029999999992
2027-09-16,2634.3589999999995
2027-09-17,2639.6849999999995
2027-09-18,2646.8089999999997
2027-09-19,2660.8339999999994
2027-09-20,2651.5299999999993
2027-09-21,2658.654
2027-09-22,2650.307
2027-09-23,2657.0629999999996
2027-09-24,2633.8349999999996
2027-09-25,2651.7069999999994
2027-09-26,2660.411
2027-09-27,2653.3779999999997
2027-09-28,2681.858
2027-09-29,2654.5069999999996
2027-09-30,2665.4739999999997
2027-10-01,2705.358
2027-10-02,2700.316
2027-10-03,2667.627
2027-10-04,2676.8070000000002
2027-10-05,2666.324
2027-10-06,2680.897
2027-10-07,2681.614
2027-10-08,2677.6579999999994
2027-10-09,2693.3289999999997
2027-10-10,2674.7349999999997
2027-10-11,2658.2279999999996
2027-10-12,2672.176999999999
2027-10-13,2674.7220000000007
2027-10-14,2675.4639999999995
2027-10-15,2683.2850000000003
2027-10-16,2666.3810000000008
2027-10-17,2653.3740000000003
2027-10-18,2675.061
2027-10-19,2677.186
2027-10-20,2686.9350000000004
2027-10-21,2675.7599999999998
2027-10-22,2664.104
2027-10-23,2663.583
2027-10-24,2692.1779999999994
2027-10-25,2658.545
2027-10-26,2664.127
2027-10-27,2663.4869999999996
2027-10-28,2662.3289999999997
2027-10-29,2675.562
2027-10-30,2680.180999999999
2027-10-31,2666.5499999999993
2027-11-01,2640.764999999999
2027-11-02,2639.4059999999986
2027-11-03,2651.2039999999997
2027-11-04,2665.015999999999
2027-11-05,2657.8289999999993
2027-11-06,2676.1479999999992
2027-11-07,2660.4629999999993
2027-11-08,2670.6299999999997
2027-11-09,2650.833
2027-11-10,2666.836
2027-11-11,2662.8959999999997
2027-11-12,2671.7340000000004
2027-11-13,2670.4909999999995
2027-11-14,2665.168
2027-11-15,2665.017
2027-11-16,2645.6059999999998
2027-11-17,2667.872999999999
2027-11-18,2682.785
2027-11-19,2670.436
2027-11-20,2681.057999999999
2027-11-21,2670.8079999999995
2027-11-22,2668.602
2027-11-23,2659.196999999999
2027-11-24,2657.7949999999996
2027-11-25,2663.2669999999994
2027-11-26,2651.145
2027-11-27,2642.119999999999
2027-11-28,2639.193999999999
2027-11-29,2615.287999999999
2027-11-30,2679.2059999999997
2027-12-01,2642.3799999999997
2027-12-02,2676.907
2027-12-03,2689.8329999999996
2027-12-04,2670.131
2027-12-05,2673.7859999999996
2027-12-06,2659.981999999999
2027-12-07,2654.572999999999
2027-12-08,2672.5239999999994
2027-12-09,2645.5419999999995
2027-12-10,2670.1
2027-12-11,2635.266999999999
2027-12-12,2662.4349999999995
2027-12-13,2650.145999999999
2027-12-14,2645.7019999999993
2027-12-15,2656.381
2027-12-16,2639.637999999999
2027-12-17,2603.1539999999995
2027-12-18,2611.2699999999995
2027-12-19,2624.3559999999998
2027-12-20,2642.8269999999993
2027-12-21,2613.2129999999993
2027-12-22,2638.474999999999
2027-12-23,2631.910999999999
2027-12-24,2623.0839999999994
2027-12-25,2628.104
2027-12-26,2624.997999999999
2027-12-27,2632.8419999999996
2027-12-28,2638.2999999999997
2027-12-29,2641.070999999999
2027-12-30,2620.785999999999
2027-12-31,2602.0139999999997
2028-01-01,2601.902999999999
2028-01-02,2584.651999999999
2028-01-03,2603.419
2028-01-04,2594.721
2028-01-05,2612.7569999999996
2028-01-06,2626.0869999999995
2028-01-07,2595.801
2028-01-08,2585.971
2028-01-09,2624.1959999999995
2028-01-10,2609.955999999999
2028-01-11,2609.675
2028-01-12,2602.4459999999995
2028-01-13,2598.3569999999995
2028-01-14,2554.6049999999996
2028-01-15,2584.2099999999996
2028-01-16,2585.8339999999994
2028-01-17,2566.8669999999993
2028-01-18,2548.245999999999
2028-01-19,2554.394
2028-01-20,2539.7079999999996
2028-01-21,2540.9739999999993
2028-01-22,2512.584
2028-01-23,2531.3609999999994
2028-01-24,2519.566
2028-01-25,2511.5869999999995
2028-01-26,2531.699999999999
2028-01-27,2531.2199999999993
2028-01-28,2531.588999999999
2028-01-29,2535.4489999999996
2028-01-30,2561.8909999999987
2028-01-31,2550.7399999999993
2028-02-01,2549.569999999999
2028-02-02,2531.984999999999
2028-02-03,2540.6629999999986
2028-02-04,2543.160999999999
2028-02-05,2550.902999999999
2028-02-06,2531.441999999999
2028-02-07,2534.124999999999
2028-02-08,2548.583999999999
2028-02-09,2540.6579999999994
2028-02-10,2536.394999999999
2028-02-11,2541.7529999999997
2028-02-12,2559.7009999999996
2028-02-13,2548.499999999999
2028-02-14,2538.234999999999
2028-02-15,2543.7329999999993
2028-02-16,2549.1839999999993
2028-02-17,2558.8109999999992
2028-02-18,2557.3269999999993
2028-02-19,2557.388999999999
2028-02-20,2565.093999999999
2028-02-21,2563.1379999999995
2028-02-22,2540.5019999999995
2028-02-23,2552.078999999999
2028-02-24,2546.1609999999996
2028-02-25,2552.9459999999995
2028-02-26,2559.8999999999996
2028-02-27,2544.966999999999
2028-02-28,2534.815999999999
2028-02-29,2558.41
2028-03-01,2544.559999999999
2028-03-02,2564.336
2028-03-03,2573.7269999999994
2028-03-04,2563.0779999999995
2028-03-05,2578.209999999999
2028-03-06,2560.756
2028-03-07,2586.3039999999996
2028-03-08,2580.689
2028-03-09,2565.6969999999997
2028-03-10,2586.3979999999997
2028-03-11,2590.0959999999995
2028-03-12,2582.8619999999996
2028-03-13,2555.2290000000003
2028-03-14,2577.0059999999994
2028-03-15,2585.0059999999994
2028-03-16,2593.576999999999
2028-03-17,2598.4339999999993
2028-03-18,2588.3759999999997
2028-03-19,2589.8879999999995
2028-03-20,2576.2859999999996
2028-03-21,2584.361999999999
2028-03-22,2583.5979999999995
2028-03-23,2594.6459999999993
2028-03-24,2588.0359999999996
2028-03-25,2597.0229999999992
2028-03-26,2584.4169999999995
2028-03-27,2577.9329999999995
2028-03-28,2585.7849999999994
2028-03-29,2589.9899999999993
2028-03-30,2589.4069999999997
2028-03-31,2594.545
2028-04-01,2568.222999999999
2028-04-02,2607.9059999999995
2028-04-03,2595.2959999999994
2028-04-04,2622.747
2028-04-05,2608.7759999999994
2028-04-06,2589.1119999999996
2028-04-07,2592.1089999999995
2028-04-08,2586.283999999999
2028-04-09,2605.3469999999998
2028-04-10,2581.4799999999987
2028-04-11,2622.065
2028-04-12,2582.8849999999993
2028-04-13,2558.3319999999994
2028-04-14,2564.2049999999995
2028-04-15,2568.486999999999
2028-04-16,2584.7769999999996
2028-04-17,2585.2129999999993
2028-04-18,2595.9669999999987
2028-04-19,2580.2949999999996
2028-04-20,2585.0899999999992
2028-04-21,2581.9629999999993
2028-04-22,2580.159999999999
2028-04-23,2572.256
2028-04-24,2574.9739999999993
2028-04-25,2572.244999999999
2028-04-26,2590.3509999999997
2028-04-27,2589.6139999999996
2028-04-28,2575.3259999999996
2028-04-29,2588.4929999999995
2028-04-30,2622.575999999999
2028-05-01,2593.731999999999
2028-05-02,2575.573
2028-05-03,2591.1029999999987
2028-05-04,2594.0819999999994
2028-05-05,2582.0009999999993
2028-05-06,2592.0219999999995
2028-05-07,2587.6929999999998
2028-05-08,2588.8189999999995
2028-05-09,2589.274
2028-05-10,2582.5099999999998
2028-05-11,2588.1539999999995
2028-05-12,2582.9199999999996
2028-05-13,2601.3379999999993
2028-05-14,2582.7479999999996
2028-05-15,2597.642
2028-05-16,2624.6589999999997
2028-05-17,2599.9729999999995
2028-05-18,2598.975999999999
2028-05-19,2625.4299999999994
2028-05-20,2606.0359999999996
2028-05-21,2589.9139999999998
2028-05-22,2602.0699999999993
2028-05-23,2593.9479999999994
2028-05-24,2588.1289999999995
2028-05-25,2585.274
2028-05-26,2610.961
2028-05-27,2598.5929999999994
2028-05-28,2613.617999999999
2028-05-29,2604.2059999999997
2028-05-30,2600.6379999999995
2028-05-31,2603.9809999999998
2028-06-01,2582.453
2028-06-02,2609.005
2028-06-03,2609.6139999999996
2028-06-04,2631.0989999999997
2028-06-05,2627.353
2028-06-06,2645.107
2028-06-07,2610.4079999999994
2028-06-08,2617.1609999999996
2028-06-09,2671.4310000000005
2028-06-10,2657.7719999999995
2028-06-11,2643.0539999999996
2028-06-12,2672.5299999999993
2028-06-13,2652.269
2028-06-14,2650.642
2028-06-15,2627.084999999999
2028-06-16,2639.8669999999997
2028-06-17,2657.4729999999995
2028-06-18,2651.059999999999
2028-06-19,2625.969
2028-06-20,2637.723
2028-06-21,2636.5890000000004
2028-06-22,2675.683
2028-06-23,2674.1780000000003
2028-06-24,2632.003
2028-06-25,2655.405
2028-06-26,2627.4199999999996
2028-06-27,2630.137
2028-06-28,2638.2909999999997
2028-06-29,2617.8830000000003
2028-06-30,2640.668
2028-07-01,2662.3000000000006
2028-07-02,2636.7350000000006
2028-07-03,2659.6790000000005
2028-07-04,2612.098
2028-07-05,2634.4730000000004
2028-07-06,2615.4040000000005
2028-07-07,2624.663
2028-07-08,2643.3140000000003
2028-07-09,2641.5879999999997
2028-07-10,2640.6190000000006
2028-07-11,2620.7740000000003
2028-07-12,2610.746
2028-07-13,2618.354
2028-07-14,2630.4700000000003
2028-07-15,2601.8210000000004
2028-07-16,2604.0159999999996
2028-07-17,2607.021
2028-07-18,2637.521
2028-07-19,2621.036
2028-07-20,2606.0440000000003
2028-07-21,2585.4010000000003
2028-07-22,2601.7350000000006
2028-07-23,2598.379999999999
2028-07-24,2596.8399999999997
2028-07-25,2603.6949999999993
2028-07-26,2609.4729999999995
2028-07-27,2609.9799999999996
2028-07-28,2612.006
2028-07-29,2646.114
2028-07-30,2614.0570000000002
2028-07-31,2617.4880000000003
2028-08-01,2599.3659999999995
2028-08-02,2593.6469999999995
2028-08-03,2603.514
2028-08-04,2593.6099999999997
2028-08-05,2596.4069999999997
2028-08-06,2595.6429999999996
2028-08-07,2593.467
2028-08-08,2592.477
2028-08-09,2590.9469999999997
2028-08-10,2595.9059999999995
2028-08-11,2629.526
2028-08-12,2598.0389999999998
2028-08-13,2589.4449999999993
2028-08-14,2602.0609999999992
2028-08-15,2597.8489999999993
2028-08-16,2600.225999999999
2028-08-17,2601.247999999999
2028-08-18,2593.541
2028-08-19,2604.9109999999996
2028-08-20,2598.9569999999994
2028-08-21,2609.505999999999
2028-08-22,2624.5929999999994
2028-08-23,2612.0039999999995
2028-08-24,2623.0059999999994
2028-08-25,2624.5499999999993
2028-08-26,2621.621999999999
2028-08-27,2629.477999999999
2028-08-28,2618.1719999999987
2028-08-29,2621.607999999999
2028-08-30,2624.7999999999997
2028-08-31,2620.080999999999
2028-09-01,2633.609999999999
2028-09-02,2637.5699999999993
2028-09-03,2625.2829999999994
2028-09-04,2636.1019999999994
2028-09-05,2625.3889999999988
2028-09-06,2639.7089999999994
2028-09-07,2628.558999999999
2028-09-08,2626.6399999999994
2028-09-09,2626.1939999999995
2028-09-10,2629.671999999999
2028-09-11,2628.070999999999
2028-09-12,2631.6779999999994
2028-09-13,2639.6989999999996
2028-09-14,2620.984999999999
2028-09-15,2613.038999999999
2028-09-16,2632.426999999999
2028-09-17,2615.6859999999992
2028-09-18,2629.662999999999
2028-09-19,2636.7009999999996
2028-09-20,2669.1619999999994
2028-09-21,2626.229999999999
2028-09-22,2633.5039999999995
2028-09-23,2660.5429999999997
2028-09-24,2631.838999999999
2028-09-25,2651.136
2028-09-26,2620.2019999999998
2028-09-27,2607.6649999999995
2028-09-28,2603.1939999999995
2028-09-29,2598.823999999999
2028-09-30,2620.812999999999
2028-10-01,2613.571999999999
2028-10-02,2621.952999999999
2028-10-03,2607.7429999999995
2028-10-04,2609.8459999999995
2028-10-05,2620.776999999999
2028-10-06,2611.024999999999
2028-10-07,2602.4849999999997
2028-10-08,2663.5469999999996
2028-10-09,2589.9
2028-10-10,2591.241
2028-10-11,2581.3409999999994
2028-10-12,2628.0119999999993
2028-10-13,2606.7139999999995
2028-10-14,2584.378
2028-10-15,2630.6769999999997
2028-10-16,2599.274
2028-10-17,2598.664
2028-10-18,2588.4170000000004
2028-10-19,2636.2929999999997
2028-10-20,2595.1879999999996
2028-10-21,2602.445
2028-10-22,2620.0900000000006
2028-10-23,2628.5220000000004
2028-10-24,2638.6650000000004
2028-10-25,2585.505
2028-10-26,2604.825
2028-10-27,2635.964
2028-10-28,2642.761
2028-10-29,2612.545
2028-10-30,2633.5380000000005
2028-10-31,2626.399
2028-11-01,2587.644
2028-11-02,2599.5509999999995
2028-11-03,2610.687999999999
2028-11-04,2613.662
2028-11-05,2571.779
2028-11-06,2620.261
2028-11-07,2630.6350000000007
2028-11-08,2611.0729999999994
2028-11-09,2617.5999999999995
2028-11-10,2579.0800000000004
2028-11-11,2582.1909999999993
2028-11-12,2622.2060000000006
2028-11-13,2631.354
2028-11-14,2614.4199999999996
2028-11-15,2618.6339999999996
2028-11-16,2608.865
2028-11-17,2595.2429999999995
2028-11-18,2543.6499999999996
2028-11-19,2623.3399999999997
2028-11-20,2616.1910000000003
2028-11-21,2631.2519999999995
2028-11-22,2635.5519999999997
2028-11-23,2620.185
2028-11-24,2629.2649999999994
2028-11-25,2628.1380000000004
2028-11-26,2631.971
2028-11-27,2606.27
2028-11-28,2592.374999999999
2028-11-29,2589.108999999999
2028-11-30,2581.3479999999995
2028-12-01,2593.818999999999
2028-12-02,2585.4139999999993
2028-12-03,2591.505
2028-12-04,2598.9939999999997
2028-12-05,2603.316
2028-12-06,2637.8919999999994
2028-12-07,2628.1439999999993
2028-12-08,2597.5409999999997
2028-12-09,2607.12
2028-12-10,2620.195
2028-12-11,2623.826
2028-12-12,2603.5529999999994
2028-12-13,2615.1879999999996
2028-12-14,2590.9579999999987
2028-12-15,2582.41
2028-12-16,2585.129999999999
2028-12-17,2596.5529999999994
2028-12-18,2570.9769999999994
2028-12-19,2572.788
2028-12-20,2582.9470000000006
2028-12-21,2567.9240000000004
2028-12-22,2586.9719999999993
2028-12-23,2539.684999999999
2028-12-24,2604.8829999999994
2028-12-25,2561.3019999999997
2028-12-26,2603.5629999999987
2028-12-27,2546.7980000000002
2028-12-28,2541.931
2028-12-29,2543.568999999999
2028-12-30,2537.2299999999996
2028-12-31,2543.849
2029-01-01,2562.4280000000003
2029-01-02,2568.5399999999995
2029-01-03,2567.6709999999994
2029-01-04,2583.392
2029-01-05,2579.3330000000005
2029-01-06,2550.046
2029-01-07,2582.7070000000003
2029-01-08,2561.0019999999995
2029-01-09,2544.92
2029-01-10,2556.009
2029-01-11,2569.1059999999993
2029-01-12,2569.4300000000003
2029-01-13,2543.3659999999995
2029-01-14,2538.015999999999
2029-01-15,2548.3900000000003
2029-01-16,2530.649999999999
2029-01-17,2543.3729999999996
2029-01-18,2562.918
2029-01-19,2558.986
2029-01-20,2567.144
2029-01-21,2584.6329999999994
2029-01-22,2569.9139999999993
2029-01-23,2578.294
2029-01-24,2560.125
2029-01-25,2569.198
2029-01-26,2574.4860000000003
2029-01-27,2555.699
2029-01-28,2568.5779999999995
2029-01-29,2570.08
2029-01-30,2577.0209999999997
2029-01-31,2570.4469999999988
2029-02-01,2566.4460000000004
2029-02-02,2569.0609999999992
2029-02-03,2561.3179999999993
2029-02-04,2555.7599999999998
2029-02-05,2551.4769999999994
2029-02-06,2582.9680000000003
2029-02-07,2569.474
2029-02-08,2569.9159999999997
2029-02-09,2569.5269999999996
2029-02-10,2572.3789999999995
2029-02-11,2577.5939999999996
2029-02-12,2576.243
2029-02-13,2578.6599999999994
2029-02-14,2570.4939999999997
2029-02-15,2587.3109999999997
2029-02-16,2573.941
2029-02-17,2560.883
2029-02-18,2564.642
2029-02-19,2580.763000000001
2029-02-20,2574.042
2029-02-21,2570.8119999999994
2029-02-22,2567.9129999999996
2029-02-23,2571.8799999999997
2029-02-24,2582.8909999999996
2029-02-25,2572.717
2029-02-26,2577.193
2029-02-27,2562.296
2029-02-28,2586.1419999999994
2029-03-01,2567.9739999999993
2029-03-02,2572.02
2029-03-03,2588.128
2029-03-04,2579.215
2029-03-05,2573.454
2029-03-06,2565.726
2029-03-07,2585.5049999999997
2029-03-08,2602.9259999999995
2029-03-09,2579.1999999999994
2029-03-10,2587.223
2029-03-11,2592.3949999999995
2029-03-12,2586.3269999999998
2029-03-13,2600.69
2029-03-14,2592.5779999999995
2029-03-15,2599.522
2029-03-16,2609.127
2029-03-17,2591.8
2029-03-18,2597.207999999999
2029-03-19,2590.5659999999993
2029-03-20,2604.9099999999994
2029-03-21,2587.8430000000003
2029-03-22,2595.0549999999994
2029-03-23,2591.8959999999997
2029-03-24,2601.4749999999995
2029-03-25,2599.1009999999997
2029-03-26,2595.071999999999
2029-03-27,2611.492999999999
2029-03-28,2591.488999999999
2029-03-29,2583.882999999999
2029-03-30,2608.2289999999994
2029-03-31,2602.710999999999
2029-04-01,2594.762999999999
2029-04-02,2589.447999999999
2029-04-03,2604.950999999999
2029-04-04,2591.275999999999
2029-04-05,2606.330999999999
2029-04-06,2604.3919999999994
2029-04-07,2610.164999999999
2029-04-08,2604.073999999999
2029-04-09,2604.6839999999993
2029-04-10,2613.1459999999993
2029-04-11,2615.2959999999994
2029-04-12,2589.7149999999997
2029-04-13,2599.5219999999995
2029-04-14,2593.2959999999994
2029-04-15,2587.797
2029-04-16,2582.972999999999
2029-04-17,2591.6059999999993
2029-04-18,2586.861999999999
2029-04-19,2584.591999999999
2029-04-20,2587.545
2029-04-21,2598.9789999999994
2029-04-22,2590.312999999999
2029-04-23,2586.301
2029-04-24,2586.886
2029-04-25,2587.8949999999995
2029-04-26,2565.16
2029-04-27,2586.4779999999996
2029-04-28,2561.2630000000004
2029-04-29,2582.783
2029-04-30,2603.3389999999995
2029-05-01,2618.4479999999994
2029-05-02,2603.513
2029-05-03,2590.4259999999995
2029-05-04,2588.548
2029-05-05,2580.9729999999995
2029-05-06,2582.308
2029-05-07,2588.7849999999994
2029-05-08,2580.4339999999997
2029-05-09,2586.8939999999993
2029-05-10,2585.7679999999996
2029-05-11,2590.6009999999997
2029-05-12,2585.2229999999995
2029-05-13,2609.022
2029-05-14,2613.437
2029-05-15,2593.7549999999997
2029-05-16,2591.564
2029-05-17,2593.8319999999994
2029-05-18,2629.5550000000003
2029-05-19,2608.9829999999997
2029-05-20,2628.106
2029-05-21,2620.631
2029-05-22,2609.9809999999993
2029-05-23,2636.6900000000005
2029-05-24,2618.619999999999
2029-05-25,2630.4819999999995
2029-05-26,2613.979
2029-05-27,2626.510999999999
2029-05-28,2608.775
2029-05-29,2607.210999999999
2029-05-30,2629.131
2029-05-31,2645.1319999999996
2029-06-01,2612.832999999999
2029-06-02,2632.6079999999997
2029-06-03,2661.5139999999997
2029-06-04,2650.291
2029-06-05,2662.107
2029-06-06,2650.094
2029-06-07,2666.4809999999998
2029-06-08,2671.279
2029-06-09,2678.5299999999997
2029-06-10,2658.0350000000003
2029-06-11,2666.5150000000003
2029-06-12,2661.3979999999997
2029-06-13,2677.2540000000004
2029-06-14,2678.7260000000006
2029-06-15,2674.4380000000006
2029-06-16,2678.481
2029-06-17,2672.737
2029-06-18,2675.583000000001
2029-06-19,2673.0779999999995
2029-06-20,2683.0800000000004
2029-06-21,2667.7960000000003
2029-06-22,2686.106
2029-06-23,2657.8830000000003
2029-06-24,2650.814
2029-06-25,2674.4100000000003
2029-06-26,2681.994
2029-06-27,2641.9230000000002
2029-06-28,2655.6630000000005
2029-06-29,2672.83
2029-06-30,2656.362
2029-07-01,2656.636000000001
2029-07-02,2670.6639999999998
2029-07-03,2659.2570000000005
2029-07-04,2662.833
2029-07-05,2653.477
2029-07-06,2653.3100000000004
2029-07-07,2642.9759999999997
2029-07-08,2655.299
2029-07-09,2649.176
2029-07-10,2665.6259999999997
2029-07-11,2658.1290000000004
2029-07-12,2636.5900000000006
2029-07-13,2639.8940000000002
2029-07-14,2645.8400000000006
2029-07-15,2616.049
2029-07-16,2643.806
2029-07-17,2611.5099999999998
2029-07-18,2651.595
2029-07-19,2626.656
2029-07-20,2615.008
2029-07-21,2640.222
2029-07-22,2608.009
2029-07-23,2645.568
2029-07-24,2663.623
2029-07-25,2634.626
2029-07-26,2650.9079999999994
2029-07-27,2660.456999999999
2029-07-28,2658.032
2029-07-29,2625.4889999999996
2029-07-30,2638.3129999999996
2029-07-31,2643.1259999999997
2029-08-01,2660.3709999999996
2029-08-02,2625.1040000000003
2029-08-03,2636.6259999999993
2029-08-04,2616.5309999999995
2029-08-05,2636.837
2029-08-06,2621.45
2029-08-07,2633.63
2029-08-08,2628.5860000000002
2029-08-09,2629.074
2029-08-10,2636.8740000000003
2029-08-11,2629.426999999999
2029-08-12,2656.6539999999995
2029-08-13,2657.4329999999995
2029-08-14,2620.6899999999996
2029-08-15,2648.025999999999
2029-08-16,2635.3169999999996
2029-08-17,2627.08
2029-08-18,2630.1559999999995
2029-08-19,2633.4489999999996
2029-08-20,2644.203
2029-08-21,2622.3210000000004
2029-08-22,2667.247
2029-08-23,2664.042999999999
2029-08-24,2671.448999999999
2029-08-25,2637.3779999999992
2029-08-26,2639.387
2029-08-27,2643.245999999999
2029-08-28,2635.9999999999995
2029-08-29,2649.337
2029-08-30,2655.0369999999994
2029-08-31,2668.3529999999996
2029-09-01,2655.7829999999994
2029-09-02,2655.9949999999994
2029-09-03,2657.6440000000002
2029-09-04,2646.0149999999994
2029-09-05,2650.167
2029-09-06,2661.4900000000002
2029-09-07,2667.938
2029-09-08,2670.2299999999996
2029-09-09,2676.647
2029-09-10,2660.877
2029-09-11,2645.0769999999998
2029-09-12,2673.5520000000006
2029-09-13,2662.5
2029-09-14,2654.7799999999997
2029-09-15,2649.6679999999997
2029-09-16,2652.006
2029-09-17,2629.716
2029-09-18,2646.254
2029-09-19,2645.545
2029-09-20,2640.934
2029-09-21,2677.001
2029-09-22,2677.8800000000006
2029-09-23,2647.3799999999997
2029-09-24,2649.1629999999996
2029-09-25,2655.6369999999997
2029-09-26,2645.6140000000005
2029-09-27,2647.797
2029-09-28,2632.0950000000003
2029-09-29,2612.4139999999998
2029-09-30,2627.038
2029-10-01,2631.1130000000003
2029-10-02,2605.2579999999994
2029-10-03,2640.3509999999997
2029-10-04,2627.26
2029-10-05,2638.071
2029-10-06,2635.025
2029-10-07,2637.7039999999997
2029-10-08,2634.075
2029-10-09,2621.443
2029-10-10,2635.698
2029-10-11,2627.1459999999997
2029-10-12,2637.2239999999997
2029-10-13,2634.1719999999996
2029-10-14,2642.8940000000007
2029-10-15,2640.8439999999996
2029-10-16,2639.669
2029-10-17,2627.151
2029-10-18,2640.381
2029-10-19,2611.7419999999993
2029-10-20,2604.849
2029-10-21,2616.399
2029-10-22,2602.4139999999998
2029-10-23,2594.2129999999997
2029-10-24,2589.991
2029-10-25,2603.3559999999993
2029-10-26,2603.6509999999994
2029-10-27,2609.7299999999996
2029-10-28,2598.1339999999996
2029-10-29,2626.1409999999996
2029-10-30,2606.6029999999996
2029-10-31,2596.1309999999994
2029-11-01,2610.412
2029-11-02,2607.0029999999992
2029-11-03,2590.888999999999
2029-11-04,2601.1299999999997
2029-11-05,2594.803999999999
2029-11-06,2596.9049999999997
2029-11-07,2600.047
2029-11-08,2610.5459999999994
2029-11-09,2608.543
2029-11-10,2610.2779999999993
2029-11-11,2618.306
2029-11-12,2610.737999999999
2029-11-13,2592.7589999999996
2029-11-14,2600.0979999999995
2029-11-15,2613.6989999999996
2029-11-16,2590.990999999999
2029-11-17,2593.9159999999997
2029-11-18,2597.158
2029-11-19,2585.208
2029-11-20,2601.5319999999997
2029-11-21,2584.8249999999994
2029-11-22,2582.5239999999994
2029-11-23,2580.1119999999996
2029-11-24,2602.317
2029-11-25,2598.004
2029-11-26,2582.3009999999995
2029-11-27,2586.933
2029-11-28,2584.226
2029-11-29,2577.3199999999997
2029-11-30,2588.756999999999
2029-12-01,2595.542
2029-12-02,2585.3489999999993
2029-12-03,2588.0299999999993
2029-12-04,2579.6589999999987
2029-12-05,2584.8829999999994
2029-12-06,2584.183
2029-12-07,2599.8049999999994
2029-12-08,2587.6209999999996
2029-12-09,2585.3619999999996
2029-12-10,2589.97
2029-12-11,2584.417999999999
2029-12-12,2596.9149999999995
2029-12-13,2582.9519999999993
2029-12-14,2570.3719999999994
2029-12-15,2573.875999999999
2029-12-16,2590.605
2029-12-17,2571.198999999999
2029-12-18,2572.859999999999
2029-12-19,2580.084999999999
2029-12-20,2566.343999999999
2029-12-21,2541.2659999999996
2029-12-22,2554.0939999999996
2029-12-23,2539.7489999999993
2029-12-24,2550.5029999999997
2029-12-25,2539.4119999999994
2029-12-26,2581.8209999999995
2029-12-27,2524.698
2029-12-28,2510.158
2029-12-29,2539.8339999999994
2029-12-30,2531.1179999999995
2029-12-31,2514.217
2030-01-01,2522.1319999999996
2030-01-02,2520.7219999999998
2030-01-03,2512.98
2030-01-04,2514.9479999999994
2030-01-05,2524.471
2030-01-06,2518.295
2030-01-07,2512.013
2030-01-08,2519.783
2030-01-09,2537.589
2030-01-10,2514.325
2030-01-11,2534.7999999999997
2030-01-12,2526.936
2030-01-13,2523.5249999999996
2030-01-14,2521.402
2030-01-15,2524.6429999999996
2030-01-16,2522.4259999999995
2030-01-17,2509.9689999999996
2030-01-18,2545.843999999999
2030-01-19,2533.466999999999
2030-01-20,2533.247
2030-01-21,2520.3859999999995
2030-01-22,2537.6349999999998
2030-01-23,2530.0779999999995
2030-01-24,2544.1859999999997
2030-01-25,2520.3369999999995
2030-01-26,2525.956
2030-01-27,2540.829
2030-01-28,2549.1459999999993
2030-01-29,2543.7819999999997
2030-01-30,2545.603
2030-01-31,2541.7709999999997
2030-02-01,2542.9769999999994
2030-02-02,2534.2129999999997
2030-02-03,2543.6809999999996
2030-02-04,2554.385999999999
2030-02-05,2554.1489999999994
2030-02-06,2536.633
2030-02-07,2540.053
2030-02-08,2547.939
2030-02-09,2543.1409999999996
2030-02-10,2539.1669999999995
2030-02-11,2552.8219999999997
2030-02-12,2551.91
2030-02-13,2544.1569999999992
2030-02-14,2557.8669999999997
2030-02-15,2563.7619999999997
2030-02-16,2572.5209999999997
2030-02-17,2556.211
2030-02-18,2565.4029999999993
2030-02-19,2602.006999999999
2030-02-20,2563.6459999999997
2030-02-21,2578.767
2030-02-22,2572.7489999999993
2030-02-23,2556.4489999999996
2030-02-24,2573.042
2030-02-25,2566.1099999999997
2030-02-26,2553.381
2030-02-27,2575.2959999999994
2030-02-28,2573.7769999999996
2030-03-01,2573.5869999999995
2030-03-02,2569.9589999999994
2030-03-03,2567.732
2030-03-04,2564.5209999999997
2030-03-05,2566.6139999999996
2030-03-06,2571.3399999999997
2030-03-07,2576.7079999999996
2030-03-08,2567.2819999999992
2030-03-09,2594.793
2030-03-10,2588.673
2030-03-11,2592.469
2030-03-12,2596.9609999999993
2030-03-13,2593.7619999999997
2030-03-14,2598.839
2030-03-15,2598.8349999999996
2030-03-16,2592.5429999999997
2030-03-17,2589.234
2030-03-18,2592.0169999999994
2030-03-19,2595.0939999999996
2030-03-20,2588.9989999999993
2030-03-21,2592.0399999999995
2030-03-22,2592.486
2030-03-23,2592.0209999999997
2030-03-24,2593.7789999999995
2030-03-25,2589.89
2030-03-26,2594.5109999999995
2030-03-27,2598.4579999999996
2030-03-28,2591.8039999999996
2030-03-29,2595.720999999999
2030-03-30,2594.6999999999994
2030-03-31,2586.5399999999995
2030-04-01,2586.3359999999993
2030-04-02,2591.2599999999993
2030-04-03,2590.709999999999
2030-04-04,2582.332999999999
2030-04-05,2586.834999999999
2030-04-06,2590.7239999999993
2030-04-07,2589.151
2030-04-08,2596.949
2030-04-09,2596.200999999999
2030-04-10,2597.3109999999997
2030-04-11,2599.112999999999
2030-04-12,2585.504
2030-04-13,2608.8660000000004
2030-04-14,2602.5269999999996
2030-04-15,2568.95
2030-04-16,2603.5
2030-04-17,2598.6949999999997
2030-04-18,2598.9649999999997
2030-04-19,2608.128
2030-04-20,2596.8649999999993
2030-04-21,2588.807
2030-04-22,2593.373
2030-04-23,2592.407
2030-04-24,2585.325999999999
2030-04-25,2617.411
2030-04-26,2608.1690000000003
2030-04-27,2577.785
2030-04-28,2581.8529999999996
2030-04-29,2584.522
2030-04-30,2583.033
2030-05-01,2584.658
2030-05-02,2582.7999999999997
2030-05-03,2585.483
2030-05-04,2587.8569999999995
2030-05-05,2621.4410000000003
2030-05-06,2623.7380000000003
2030-05-07,2620.3839999999996
2030-05-08,2595.6
2030-05-09,2586.35
2030-05-10,2587.1409999999996
2030-05-11,2616.9739999999997
2030-05-12,2588.89
2030-05-13,2579.5499999999993
2030-05-14,2620.1459999999997
2030-05-15,2607.7049999999995
2030-05-16,2592.100999999999
2030-05-17,2621.1369999999997
2030-05-18,2610.9669999999996
2030-05-19,2604.958999999999
2030-05-20,2602.6599999999994
2030-05-21,2617.0869999999995
2030-05-22,2617.4819999999995
2030-05-23,2649.1730000000002
2030-05-24,2653.8239999999996
2030-05-25,2644.8529999999996
2030-05-26,2643.1929999999993
2030-05-27,2647.3799999999997
2030-05-28,2645.0699999999997
2030-05-29,2641.8909999999996
2030-05-30,2620.677
2030-05-31,2644.917
2030-06-01,2649.635
2030-06-02,2649.219
2030-06-03,2625.0429999999997
2030-06-04,2633.9120000000003
2030-06-05,2630.9219999999996
2030-06-06,2661.947
2030-06-07,2629.601
2030-06-08,2625.8229999999994
2030-06-09,2666.3959999999997
2030-06-10,2665.154
2030-06-11,2633.9689999999996
2030-06-12,2650.562999999999
2030-06-13,2634.672
2030-06-14,2649.712
2030-06-15,2637.5750000000003
2030-06-16,2641.2219999999998
2030-06-17,2666.552
2030-06-18,2635.878
2030-06-19,2623.81
2030-06-20,2639.1719999999996
2030-06-21,2663.0579999999995
2030-06-22,2655.3129999999996
2030-06-23,2620.427
2030-06-24,2648.9209999999994
2030-06-25,2618.8750000000005
2030-06-26,2605.8570000000004
2030-06-27,2628.109
2030-06-28,2644.9770000000003
2030-06-29,2647.6990000000005
2030-06-30,2650.971
2030-07-01,2662.885
2030-07-02,2641.9790000000003
2030-07-03,2651.467
2030-07-04,2652.3520000000003
2030-07-05,2646.637
2030-07-06,2619.53
2030-07-07,2630.773
2030-07-08,2615.2960000000007
2030-07-09,2609.9659999999994
2030-07-10,2606.509
2030-07-11,2604.536
2030-07-12,2595.384
2030-07-13,2599.4020000000005
2030-07-14,2612.5820000000003
2030-07-15,2593.323
2030-07-16,2627.1650000000004
2030-07-17,2603.5679999999998
2030-07-18,2594.602
2030-07-19,2613.665
2030-07-20,2593.8840000000005
2030-07-21,2603.561
2030-07-22,2593.0589999999997
2030-07-23,2586.2159999999994
2030-07-24,2589.564
2030-07-25,2623.464
2030-07-26,2612.6330000000003
2030-07-27,2656.938
2030-07-28,2616.9410000000003
2030-07-29,2641.846
2030-07-30,2642.3579999999997
2030-07-31,2646.226
2030-08-01,2595.945999999999
2030-08-02,2624.588
2030-08-03,2645.513
2030-08-04,2637.0389999999998
2030-08-05,2637.109
2030-08-06,2624.903
2030-08-07,2642.797
2030-08-08,2645.0589999999997
2030-08-09,2636.2929999999997
2030-08-10,2631.207
2030-08-11,2649.8120000000004
2030-08-12,2644.7519999999995
2030-08-13,2617.004999999999
2030-08-14,2623.9289999999996
2030-08-15,2614.3729999999996
2030-08-16,2645.741
2030-08-17,2645.153
2030-08-18,2649.649
2030-08-19,2640.397
2030-08-20,2642.6299999999997
2030-08-21,2641.901
2030-08-22,2644.098
2030-08-23,2646.863
2030-08-24,2643.3669999999997
2030-08-25,2640.831
2030-08-26,2629.9539999999997
2030-08-27,2642.6630000000005
2030-08-28,2649.307
2030-08-29,2615.784
2030-08-30,2650.479
2030-08-31,2649.524
2030-09-01,2658.4199999999996
2030-09-02,2660.0019999999995
2030-09-03,2651.4669999999987
2030-09-04,2651.8449999999993
2030-09-05,2654.7509999999997
2030-09-06,2653.2619999999993
2030-09-07,2659.1609999999996
2030-09-08,2649.6789999999987
2030-09-09,2660.1360000000004
2030-09-10,2661.004999999999
2030-09-11,2649.149
2030-09-12,2651.8779999999997
2030-09-13,2685.194
2030-09-14,2654.609
2030-09-15,2667.449
2030-09-16,2655.577
2030-09-17,2641.5149999999994
2030-09-18,2663.864
2030-09-19,2691.0179999999996
2030-09-20,2650.036
2030-09-21,2650.899
2030-09-22,2671.4140000000007
2030-09-23,2652.0450000000005
2030-09-24,2658.816
2030-09-25,2662.434
2030-09-26,2657.975
2030-09-27,2649.5919999999996
2030-09-28,2651.6160000000004
2030-09-29,2661.9269999999997
2030-09-30,2671.9610000000007
2030-10-01,2662.2529999999997
2030-10-02,2653.762
2030-10-03,2643.593
2030-10-04,2635.2829999999994
2030-10-05,2642.03
2030-10-06,2657.5460000000003
2030-10-07,2635.8859999999995
2030-10-08,2642.562
2030-10-09,2657.7460000000005
2030-10-10,2638.419
2030-10-11,2662.3110000000006
2030-10-12,2639.531
2030-10-13,2659.1550000000007
2030-10-14,2641.531
2030-10-15,2634.144
2030-10-16,2646.3629999999994
2030-10-17,2650.6850000000004
2030-10-18,2633.3059999999996
2030-10-19,2630.4219999999996
2030-10-20,2624.9199999999996
2030-10-21,2633.1589999999997
2030-10-22,2637.406
2030-10-23,2633.5789999999993
2030-10-24,2639.6979999999994
2030-10-25,2635.0869999999995
2030-10-26,2625.352
2030-10-27,2633.399
2030-10-28,2623.9939999999997
2030-10-29,2651.955
2030-10-30,2624.4529999999995
2030-10-31,2627.171999999999
2030-11-01,2639.008
2030-11-02,2619.2509999999997
2030-11-03,2629.5959999999995
2030-11-04,2628.2179999999994
2030-11-05,2636.1119999999996
2030-11-06,2608.310999999999
2030-11-07,2606.644999999999
2030-11-08,2616.2889999999998
2030-11-09,2616.2169999999996
2030-11-10,2616.667
2030-11-11,2622.349
2030-11-12,2614.7129999999993
2030-11-13,2613.093999999999
2030-11-14,2629.1119999999996
2030-11-15,2619.2309999999993
2030-11-16,2612.853
2030-11-17,2620.948
2030-11-18,2619.3559999999998
2030-11-19,2622.0999999999995
2030-11-20,2609.5769999999993
2030-11-21,2611.4469999999997
2030-11-22,2613.5499999999997
2030-11-23,2629.429
2030-11-24,2635.955
2030-11-25,2626.8030000000003
2030-11-26,2622.0209999999993
2030-11-27,2623.2009999999996
2030-11-28,2634.0399999999995
2030-11-29,2630.5459999999994
2030-11-30,2614.1939999999995
2030-12-01,2626.2859999999996
2030-12-02,2629.2019999999993
2030-12-03,2628.716
2030-12-04,2622.2299999999996
2030-12-05,2619.851
2030-12-06,2630.4059999999995
2030-12-07,2629.1329999999994
2030-12-08,2602.7979999999993
2030-12-09,2592.3499999999995
2030-12-10,2609.3519999999994
2030-12-11,2611.448999999999
2030-12-12,2616.803999999999
2030-12-13,2619.8799999999997
2030-12-14,2624.6929999999993
2030-12-15,2613.0159999999996
2030-12-16,2606.7839999999997
2030-12-17,2608.4249999999997
2030-12-18,2598.0329999999994
2030-12-19,2603.4359999999992
2030-12-20,2601.5609999999997
2030-12-21,2597.3769999999995
2030-12-22,2609.4289999999996
2030-12-23,2604.1889999999994
2030-12-24,2568.629999999999
2030-12-25,2589.724999999999
2030-12-26,2571.8019999999997
2030-12-27,2559.6779999999994
2030-12-28,2559.691999999999
2030-12-29,2562.264999999999
2030-12-30,2545.0909999999994
2030-12-31,2536.102999999999
2031-01-01,2545.7749999999996
2031-01-02,2556.152999999999
2031-01-03,2550.4869999999996
2031-01-04,2550.064999999999
2031-01-05,2551.952999999999
2031-01-06,2540.326999999999
2031-01-07,2538.9739999999997
2031-01-08,2539.300999999999
2031-01-09,2560.299999999999
2031-01-10,2557.5609999999992
2031-01-11,2561.0249999999987
2031-01-12,2549.4149999999995
2031-01-13,2539.268999999999
2031-01-14,2542.777999999999
2031-01-15,2542.1369999999993
2031-01-16,2541.0569999999993
2031-01-17,2556.464999999999
2031-01-18,2543.023999999999
2031-01-19,2548.0359999999987
2031-01-20,2529.241999999999
2031-01-21,2544.341999999999
2031-01-22,2542.2549999999997
2031-01-23,2541.5389999999993
2031-01-24,2538.5249999999996
2031-01-25,2534.537
2031-01-26,2540.421999999999
2031-01-27,2538.2759999999994
2031-01-28,2541.028999999999
2031-01-29,2537.1609999999996
2031-01-30,2544.972999999999
2031-01-31,2546.207999999999
2031-02-01,2550.632999999999
2031-02-02,2547.877999999999
2031-02-03,2538.942999999999
2031-02-04,2546.604999999999
2031-02-05,2549.5549999999994
2031-02-06,2542.3959999999993
2031-02-07,2540.6789999999996
2031-02-08,2547.271999999999
2031-02-09,2544.9589999999994
2031-02-10,2541.343999999999
2031-02-11,2540.9269999999997
2031-02-12,2539.693999999999
2031-02-13,2544.622999999999
2031-02-14,2556.1859999999992
2031-02-15,2545.2719999999995
2031-02-16,2539.3339999999994
2031-02-17,2546.39
2031-02-18,2544.7389999999996
2031-02-19,2553.9259999999995
2031-02-20,2544.035999999999
2031-02-21,2552.6339999999996
2031-02-22,2550.1899999999996
2031-02-23,2554.597999999999
2031-02-24,2561.276999999999
2031-02-25,2559.141999999999
2031-02-26,2551.767
2031-02-27,2558.7889999999998
2031-02-28,2561.410999999999
2031-03-01,2554.3389999999995
2031-03-02,2551.2679999999996
2031-03-03,2545.0469999999996
2031-03-04,2551.9469999999997
2031-03-05,2550.555999999999
2031-03-06,2562.7339999999995
2031-03-07,2562.0539999999996
2031-03-08,2558.2269999999994
2031-03-09,2557.771999999999
2031-03-10,2556.995999999999
2031-03-11,2568.358999999999
2031-03-12,2558.5099999999993
2031-03-13,2559.341999999999
2031-03-14,2559.8169999999996
2031-03-15,2556.9249999999997
2031-03-16,2547.0619999999994
2031-03-17,2554.0119999999993
2031-03-18,2555.005999999999
2031-03-19,2555.954999999999
2031-03-20,2558.573999999999
2031-03-21,2555.7709999999993
2031-03-22,2562.3609999999994
2031-03-23,2552.0539999999996
2031-03-24,2553.815999999999
2031-03-25,2557.0429999999997
2031-03-26,2554.245999999999
2031-03-27,2551.5079999999994
2031-03-28,2550.378999999999
2031-03-29,2551.7429999999995
2031-03-30,2550.378999999999
2031-03-31,2550.6529999999993
2031-04-01,2548.950999999999
2031-04-02,2550.6529999999993
2031-04-03,2550.661999999999
2031-04-04,2552.3089999999993
2031-04-05,2552.0559999999996
2031-04-06,2549.0569999999993
2031-04-07,2547.354999999999
2031-04-08,2551.1429999999987
2031-04-09,2549.0569999999993
2031-04-10,2549.069999999999
2031-04-11,2550.161999999999
2031-04-12,2540.003999999999
2031-04-13,2542.5009999999993
2031-04-14,2546.558999999999
2031-04-15,2540.702999999999
2031-04-16,2542.0229999999992
2031-04-17,2536.434999999999
2031-04-18,2536.624999999999
2031-04-19,2542.7509999999993
2031-04-20,2536.2529999999992
2031-04-21,2541.957999999999
2031-04-22,2532.122
2031-04-23,2539.146999999999
2031-04-24,2542.068999999999
2031-04-25,2538.8329999999996
2031-04-26,2534.8219999999997
2031-04-27,2536.6409999999996
2031-04-28,2540.5819999999994
2031-04-29,2537.8709999999996
2031-04-30,2543.3919999999994
2031-05-01,2533.1349999999998
2031-05-02,2534.0119999999997
2031-05-03,2535.3239999999996
2031-05-04,2535.7269999999994
2031-05-05,2534.4379999999996
2031-05-06,2531.9419999999996
2031-05-07,2539.132999999999
2031-05-08,2536.5309999999995
2031-05-09,2541.629
2031-05-10,2538.142
2031-05-11,2547.467
2031-05-12,2537.8639999999996
2031-05-13,2537.4139999999998
2031-05-14,2543.7349999999997
2031-05-15,2570.973
2031-05-16,2571.3529999999996
2031-05-17,2578.543
2031-05-18,2566.0119999999997
2031-05-19,2584.2579999999994
2031-05-20,2573.926
2031-05-21,2589.1629999999996
2031-05-22,2582.8919999999994
2031-05-23,2578.729
2031-05-24,2569.3099999999995
2031-05-25,2576.0389999999998
2031-05-26,2579.991
2031-05-27,2584.748
2031-05-28,2585.399
2031-05-29,2594.9759999999997
2031-05-30,2585.269
2031-05-31,2554.5179999999996
2031-06-01,2548.1939999999995
2031-06-02,2580.2199999999993
2031-06-03,2574.6859999999992
2031-06-04,2549.7149999999992
2031-06-05,2581.123
2031-06-06,2583.0909999999994
2031-06-07,2583.136
2031-06-08,2582.8839999999996
2031-06-09,2582.5049999999997
2031-06-10,2576.8019999999997
2031-06-11,2578.1710000000003
2031-06-12,2558.223
2031-06-13,2585.2960000000003
2031-06-14,2579.157
2031-06-15,2585.0570000000002
2031-06-16,2585.298
2031-06-17,2585.2389999999996
2031-06-18,2583.781
2031-06-19,2581.985
2031-06-20,2581.482
2031-06-21,2581.2230000000004
2031-06-22,2584.4309999999996
2031-06-23,2586.3320000000003
2031-06-24,2580.796
2031-06-25,2577.4060000000004
2031-06-26,2575.031
2031-06-27,2575.9700000000003
2031-06-28,2573.9610000000007
2031-06-29,2574.818
2031-06-30,2577.754
2031-07-01,2574.3770000000004
2031-07-02,2548.0869999999995
2031-07-03,2548.261
2031-07-04,2548.745
2031-07-05,2544.839
2031-07-06,2537.047
2031-07-07,2538.345
2031-07-08,2544.071
2031-07-09,2539.62
2031-07-10,2571.484
2031-07-11,2552.4229999999993
2031-07-12,2538.8589999999995
2031-07-13,2538.725
2031-07-14,2543.7959999999994
2031-07-15,2536.2399999999993
2031-07-16,2535.9069999999997
2031-07-17,2539.01
2031-07-18,2539.7909999999997
2031-07-19,2539.371
2031-07-20,2539.3500000000004
2031-07-21,2553.4739999999997
2031-07-22,2539.2329999999997
2031-07-23,2580.89
2031-07-24,2550.6819999999993
2031-07-25,2548.9729999999995
2031-07-26,2548.2329999999997
2031-07-27,2550.3429999999994
2031-07-28,2552.7409999999995
2031-07-29,2552.711
2031-07-30,2556.3759999999997
2031-07-31,2554.3999999999996
2031-08-01,2559.2309999999998
2031-08-02,2559.4639999999995
2031-08-03,2550.8819999999996
2031-08-04,2555.1739999999995
2031-08-05,2555.939
2031-08-06,2553.93
2031-08-07,2560.7499999999995
2031-08-08,2563.1409999999996
2031-08-09,2563.4179999999997
2031-08-10,2563.4919999999997
2031-08-11,2564.709
2031-08-12,2591.5929999999994
2031-08-13,2552.4529999999995
2031-08-14,2559.4719999999998
2031-08-15,2557.6009999999997
2031-08-16,2591.3239999999996
2031-08-17,2557.16
2031-08-18,2557.3119999999994
2031-08-19,2564.3269999999998
2031-08-20,2564.4169999999995
2031-08-21,2561.0259999999994
2031-08-22,2560.8909999999996
2031-08-23,2566.49
2031-08-24,2559.5559999999996
2031-08-25,2570.587
2031-08-26,2563.677
2031-08-27,2558.2740000000003
2031-08-28,2557.958
2031-08-29,2560.4669999999996
2031-08-30,2562.826
2031-08-31,2563.711
2031-09-01,2565.226
2031-09-02,2565.462
2031-09-03,2594.2519999999995
2031-09-04,2597.0199999999995
2031-09-05,2567.25
2031-09-06,2599.785999999999
2031-09-07,2597.0719999999988
2031-09-08,2593.8289999999997
2031-09-09,2607.992999999999
2031-09-10,2574.52
2031-09-11,2593.2809999999995
2031-09-12,2608.4459999999995
2031-09-13,2606.1929999999998
2031-09-14,2610.5059999999994
2031-09-15,2608.688999999999
2031-09-16,2571.6529999999993
2031-09-17,2603.946999999999
2031-09-18,2603.4969999999994
2031-09-19,2575.995
2031-09-20,2613.549
2031-09-21,2618.9099999999994
2031-09-22,2619.54
2031-09-23,2595.9549999999995
2031-09-24,2594.1279999999997
2031-09-25,2598.437999999999
2031-09-26,2566.205
2031-09-27,2613.2039999999997
2031-09-28,2608.2869999999994
2031-09-29,2598.4739999999997
2031-09-30,2605.768
2031-10-01,2609.3509999999997
2031-10-02,2615.2989999999995
2031-10-03,2579.267
2031-10-04,2613.0559999999996
2031-10-05,2620.2169999999996
2031-10-06,2615.4339999999997
2031-10-07,2612.0299999999997
2031-10-08,2619.549
2031-10-09,2616.231
2031-10-10,2618.7870000000003
2031-10-11,2607.789
2031-10-12,2608.394
2031-10-13,2604.7669999999994
2031-10-14,2603.3389999999995
2031-10-15,2601.4919999999993
2031-10-16,2600.6559999999995
2031-10-17,2606.474
2031-10-18,2606.3289999999993
2031-10-19,2599.374
2031-10-20,2604.0239999999994
2031-10-21,2600.3619999999996
2031-10-22,2596.6349999999998
2031-10-23,2608.554
2031-10-24,2606.437
2031-10-25,2603.2609999999995
2031-10-26,2606.876999999999
2031-10-27,2600.421
2031-10-28,2599.7529999999997
2031-10-29,2604.3759999999993
2031-10-30,2607.259999999999
2031-10-31,2609.8539999999994
2031-11-01,2590.231999999999
2031-11-02,2600.356999999999
2031-11-03,2608.2329999999993
2031-11-04,2596.224999999999
2031-11-05,2604.762999999999
2031-11-06,2597.8559999999993
2031-11-07,2607.224999999999
2031-11-08,2598.6829999999995
2031-11-09,2593.7439999999997
2031-11-10,2593.8989999999994
2031-11-11,2596.959999999999
2031-11-12,2588.3569999999995
2031-11-13,2597.524
2031-11-14,2598.4219999999996
2031-11-15,2589.7209999999995
2031-11-16,2599.196
2031-11-17,2593.0269999999996
2031-11-18,2596.7349999999997
2031-11-19,2596.5779999999995
2031-11-20,2585.6739999999995
2031-11-21,2589.742999999999
2031-11-22,2589.281999999999
2031-11-23,2597.285999999999
2031-11-24,2587.6389999999997
2031-11-25,2585.0379999999996
2031-11-26,2603.718
2031-11-27,2583.3109999999997
2031-11-28,2590.3779999999997
2031-11-29,2586.373
2031-11-30,2587.52
2031-12-01,2599.1959999999995
2031-12-02,2586.2379999999994
2031-12-03,2584.3449999999993
2031-12-04,2596.4419999999996
2031-12-05,2591.999999999999
2031-12-06,2579.2059999999997
2031-12-07,2588.8699999999994
2031-12-08,2586.9819999999995
2031-12-09,2577.4759999999997
2031-12-10,2580.6819999999993
2031-12-11,2583.298
2031-12-12,2584.673999999999
2031-12-13,2585.8329999999996
2031-12-14,2584.927
2031-12-15,2585.168
2031-12-16,2580.146999999999
2031-12-17,2580.0139999999997
2031-12-18,2588.0609999999992
2031-12-19,2589.6629999999996
2031-12-20,2584.5619999999994
2031-12-21,2588.6199999999994
2031-12-22,2575.070999999999
2031-12-23,2582.8269999999993
2031-12-24,2581.439999999999
2031-12-25,2587.4320000000002
2031-12-26,2582.4409999999993
2031-12-27,2587.875
2031-12-28,2577.6559999999995
2031-12-29,2586.992999999999
2031-12-30,2590.0229999999992
2031-12-31,2591.1299999999997
2032-01-01,2591.8429999999994
2032-01-02,2589.7469999999994
2032-01-03,2583.47
2032-01-04,2575.8639999999987
2032-01-05,2591.7209999999995
2032-01-06,2587.702999999999
2032-01-07,2589.7129999999997
2032-01-08,2597.3559999999993
2032-01-09,2587.1159999999995
2032-01-10,2592.586
2032-01-11,2585.16
2032-01-12,2592.7279999999996
2032-01-13,2588.896999999999
2032-01-14,2587.581
2032-01-15,2594.9259999999995
2032-01-16,2585.103999999999
2032-01-17,2593.928
2032-01-18,2591.0029999999992
2032-01-19,2596.3649999999993
2032-01-20,2592.017999999999
2032-01-21,2584.6239999999993
2032-01-22,2586.452999999999
2032-01-23,2592.3859999999995
2032-01-24,2589.937999999999
2032-01-25,2595.4189999999994
2032-01-26,2604.5839999999994
2032-01-27,2597.533999999999
2032-01-28,2600.460999999999
2032-01-29,2608.331999999999
2032-01-30,2604.945999999999
2032-01-31,2598.073999999999
2032-02-01,2610.489999999999
2032-02-02,2611.304999999999
2032-02-03,2590.528999999999
2032-02-04,2613.0009999999993
2032-02-05,2604.7409999999995
2032-02-06,2601.910999999999
2032-02-07,2607.9459999999995
2032-02-08,2589.532999999999
2032-02-09,2597.814999999999
2032-02-10,2601.952999999999
2032-02-11,2599.999999999999
2032-02-12,2601.566999999999
2032-02-13,2587.960999999999
2032-02-14,2590.899999999999
2032-02-15,2582.880999999999
2032-02-16,2586.8549999999996
2032-02-17,2590.7209999999995
2032-02-18,2593.3589999999995
2032-02-19,2591.254999999999
2032-02-20,2596.5379999999996
2032-02-21,2591.1029999999996
2032-02-22,2588.8179999999993
2032-02-23,2590.553999999999
2032-02-24,2584.4009999999994
2032-02-25,2598.9279999999994
2032-02-26,2592.007999999999
2032-02-27,2591.9489999999987
2032-02-28,2588.9959999999996
2032-02-29,2589.983999999999
2032-03-01,2593.7479999999987
2032-03-02,2587.132999999999
2032-03-03,2592.756999999999
2032-03-04,2594.1639999999993
2032-03-05,2584.799999999999
2032-03-06,2586.695999999999
2032-03-07,2587.6369999999997
2032-03-08,2590.901999999999
2032-03-09,2587.8449999999993
2032-03-10,2595.414999999999
2032-03-11,2597.832999999999
2032-03-12,2595.7309999999993
2032-03-13,2594.2599999999993
2032-03-14,2589.028999999999
2032-03-15,2590.3679999999995
2032-03-16,2587.4549999999995
2032-03-17,2586.613
2032-03-18,2588.2869999999994
2032-03-19,2589.403
2032-03-20,2588.734999999999
2032-03-21,2590.8089999999997
2032-03-22,2591.211999999999
2032-03-23,2584.577999999999
2032-03-24,2585.6239999999993
2032-03-25,2587.702999999999
2032-03-26,2589.4929999999995
2032-03-27,2584.6309999999994
2032-03-28,2588.7089999999994
2032-03-29,2590.999
2032-03-30,2588.7329999999997
2032-03-31,2587.4459999999995
2032-04-01,2587.4459999999995
2032-04-02,2587.1069999999995
2032-04-03,2586.5029999999997
2032-04-04,2586.9439999999995
2032-04-05,2584.6139999999996
2032-04-06,2587.1429999999996
2032-04-07,2586.5649999999996
2032-04-08,2584.5399999999995
2032-04-09,2584.6139999999996
2032-04-10,2584.6139999999996
2032-04-11,2581.0679999999998
2032-04-12,2584.5399999999995
2032-04-13,2580.9939999999992
2032-04-14,2579.0289999999995
2032-04-15,2583.6929999999993
2032-04-16,2581.227999999999
2032-04-17,2576.9939999999997
2032-04-18,2580.9939999999992
2032-04-19,2578.7789999999995
2032-04-20,2579.2089999999994
2032-04-21,2580.9939999999992
2032-04-22,2580.9939999999992
2032-04-23,2578.3229999999994
2032-04-24,2582.1999999999994
2032-04-25,2583.9849999999997
2032-04-26,2584.2879999999996
2032-04-27,2581.307
2032-04-28,2583.528999999999
2032-04-29,2576.9939999999997
2032-04-30,2582.325
2032-05-01,2582.325
2032-05-02,2578.7789999999995
2032-05-03,2576.9939999999997
2032-05-04,2576.9939999999997
2032-05-05,2576.9939999999997
2032-05-06,2577.8699999999994
2032-05-07,2572.234999999999
2032-05-08,2582.1999999999994
2032-05-09,2578.7789999999995
2032-05-10,2572.234999999999
2032-05-11,2572.234999999999
2032-05-12,2575.1679999999988
2032-05-13,2579.4659999999994
2032-05-14,2579.1539999999995
2032-05-15,2580.6869999999994
2032-05-16,2575.3349999999987
2032-05-17,2572.245999999999
2032-05-18,2581.7089999999994
2032-05-19,2583.659999999999
2032-05-20,2579.673999999999
2032-05-21,2579.405999999999
2032-05-22,2578.844999999999
2032-05-23,2584.528999999999
2032-05-24,2580.6689999999994
2032-05-25,2580.6069999999995
2032-05-26,2581.160999999999
2032-05-27,2580.7429999999995
2032-05-28,2581.0659999999993
2032-05-29,2583.9259999999995
2032-05-30,2580.9469999999988
2032-05-31,2580.2669999999994
2032-06-01,2582.9699999999993
2032-06-02,2584.682999999999
2032-06-03,2586.3539999999994
2032-06-04,2577.8189999999995
2032-06-05,2584.654999999999
2032-06-06,2576.3319999999994
2032-06-07,2578.3069999999993
2032-06-08,2587.7179999999994
2032-06-09,2578.2959999999994
2032-06-10,2579.687999999999
2032-06-11,2578.667999999999
2032-06-12,2581.914999999999
2032-06-13,2583.5529999999994
2032-06-14,2581.349999999999
2032-06-15,2580.8459999999995
2032-06-16,2584.1299999999997
2032-06-17,2583.1749999999997
2032-06-18,2582.1529999999993
2032-06-19,2584.1299999999997
2032-06-20,2583.5529999999994
2032-06-21,2574.5139999999997
2032-06-22,2570.2969999999996
2032-06-23,2581.3619999999996
2032-06-24,2586.8609999999994
2032-06-25,2577.8689999999992
2032-06-26,2583.0879999999993
2032-06-27,2582.1489999999994
2032-06-28,2584.633999999999
2032-06-29,2589.204999999999
2032-06-30,2588.7269999999994
2032-07-01,2582.4609999999993
2032-07-02,2588.3219999999997
2032-07-03,2584.708999999999
2032-07-04,2580.9009999999994
2032-07-05,2581.3379999999993
2032-07-06,2580.8299999999995
2032-07-07,2586.3259999999996
2032-07-08,2583.940999999999
2032-07-09,2587.5009999999993
2032-07-10,2589.6599999999994
2032-07-11,2589.9039999999995
2032-07-12,2578.0309999999995
2032-07-13,2588.8139999999994
2032-07-14,2593.3629999999994
2032-07-15,2584.5409999999997
2032-07-16,2593.797999999999
2032-07-17,2596.9079999999994
2032-07-18,2588.051999999999
2032-07-19,2587.436999999999
2032-07-20,2596.5999999999995
2032-07-21,2586.282999999999
2032-07-22,2592.210999999999
2032-07-23,2600.979999999999
2032-07-24,2592.552999999999
2032-07-25,2604.469999999999
2032-07-26,2600.038999999999
2032-07-27,2598.0059999999994
2032-07-28,2597.9019999999996
2032-07-29,2594.2799999999997
2032-07-30,2596.6739999999995
2032-07-31,2598.1839999999993
2032-08-01,2602.173999999999
2032-08-02,2593.3429999999994
2032-08-03,2593.7249999999995
2032-08-04,2594.412
2032-08-05,2595.6979999999994
2032-08-06,2594.9639999999995
2032-08-07,2592.564999999999
2032-08-08,2595.9569999999994
2032-08-09,2596.1479999999997
2032-08-10,2597.5969999999993
2032-08-11,2601.0859999999993
2032-08-12,2600.1229999999996
2032-08-13,2598.1559999999995
2032-08-14,2598.185
2032-08-15,2586.471
2032-08-16,2590.9619999999995
2032-08-17,2590.781
2032-08-18,2599.613
2032-08-19,2596.2919999999995
2032-08-20,2593.332
2032-08-21,2598.1689999999994
2032-08-22,2598.289
2032-08-23,2598.1689999999994
2032-08-24,2591.6949999999997
2032-08-25,2594.6389999999997
2032-08-26,2601.3109999999992
2032-08-27,2592.649
2032-08-28,2597.4509999999996
2032-08-29,2593.2819999999997
2032-08-30,2599.623
2032-08-31,2595.25
2032-09-01,2598.5099999999998
2032-09-02,2599.035
2032-09-03,2593.9009999999994
2032-09-04,2597.0969999999998
2032-09-05,2595.245999999999
2032-09-06,2591.6289999999995
2032-09-07,2594.562
2032-09-08,2591.97
2032-09-09,2603.749
2032-09-10,2597.0969999999998
2032-09-11,2599.2509999999997
2032-09-12,2597.203
2032-09-13,2592.2059999999997
2032-09-14,2595.1389999999997
2032-09-15,2597.0969999999998
2032-09-16,2597.0419999999995
2032-09-17,2601.0229999999997
2032-09-18,2595.9809999999998
2032-09-19,2598.026999999999
2032-09-20,2593.8509999999997
2032-09-21,2593.649
2032-09-22,2596.6189999999997
2032-09-23,2594.4969999999994
2032-09-24,2594.6789999999996
2032-09-25,2601.9269999999997
2032-09-26,2590.846
2032-09-27,2592.8179999999998
2032-09-28,2603.0709999999995
2032-09-29,2597.383
2032-09-30,2593.1389999999997
2032-10-01,2591.4219999999996
2032-10-02,2593.4479999999994
2032-10-03,2590.6639999999998
2032-10-04,2594.0499999999997
2032-10-05,2595.2619999999997
2032-10-06,2592.7529999999997
2032-10-07,2594.0809999999997
2032-10-08,2592.9779999999996
2032-10-09,2592.1949999999993
2032-10-10,2596.8309999999997
2032-10-11,2594.1429999999996
2032-10-12,2594.017
2032-10-13,2595.4249999999997
2032-10-14,2603.5989999999993
2032-10-15,2596.3359999999993
2032-10-16,2595.914999999999
2032-10-17,2602.834999999999
2032-10-18,2599.3109999999992
2032-10-19,2598.7779999999993
2032-10-20,2599.071999999999
2032-10-21,2601.381999999999
2032-10-22,2599.8749999999995
2032-10-23,2600.9859999999994
2032-10-24,2597.5649999999996
2032-10-25,2599.4789999999994
2032-10-26,2604.8269999999998
2032-10-27,2597.7889999999998
2032-10-28,2597.7169999999996
2032-10-29,2593.662
2032-10-30,2596.8269999999998
2032-10-31,2596.8129999999996
2032-11-01,2595.7629999999995
2032-11-02,2600.1269999999995
2032-11-03,2601.563
2032-11-04,2606.0259999999994
2032-11-05,2592.9079999999994
2032-11-06,2596.2619999999997
2032-11-07,2599.5109999999995
2032-11-08,2597.144
2032-11-09,2594.9799999999996
2032-11-10,2597.05
2032-11-11,2602.2079999999996
2032-11-12,2599.5319999999997
2032-11-13,2595.0699999999993
2032-11-14,2595.2619999999997
2032-11-15,2599.5319999999997
2032-11-16,2600.883
2032-11-17,2599.622
2032-11-18,2594.8719999999994
2032-11-19,2596.334
2032-11-20,2602.037
2032-11-21,2595.2619999999997
2032-11-22,2596.7599999999998
2032-11-23,2596.7339999999995
2032-11-24,2597.2289999999994
2032-11-25,2599.0829999999996
2032-11-26,2599.845999999999
2032-11-27,2595.277999999999
2032-11-28,2594.3949999999995
2032-11-29,2595.7139999999995
2032-11-30,2590.553999999999
2032-12-01,2585.953
2032-12-02,2589.476
2032-12-03,2588.3409999999994
2032-12-04,2584.7439999999997
2032-12-05,2584.7709999999997
2032-12-06,2584.2799999999993
2032-12-07,2581.828
2032-12-08,2583.171999999999
2032-12-09,2585.8759999999997
2032-12-10,2581.8129999999996
2032-12-11,2583.5689999999995
2032-12-12,2585.1989999999996
2032-12-13,2578.6739999999995
2032-12-14,2584.8659999999995
2032-12-15,2576.0769999999998
2032-12-16,2579.6389999999997
2032-12-17,2591.727999999999
2032-12-18,2592.8809999999994
2032-12-19,2580.6569999999997
2032-12-20,2593.418999999999
2032-12-21,2584.6319999999987
2032-12-22,2586.803999999999
2032-12-23,2580.4449999999997
2032-12-24,2585.5119999999993
2032-12-25,2575.2389999999996
2032-12-26,2577.9169999999995
2032-12-27,2579.7219999999993
2032-12-28,2583.2679999999996
2032-12-29,2582.6219999999994
2032-12-30,2580.8559999999998
2032-12-31,2581.0299999999993
2033-01-01,2583.7449999999994
2033-01-02,2583.4259999999995
2033-01-03,2581.0299999999993
2033-01-04,2586.495
2033-01-05,2580.0349999999994
2033-01-06,2586.6699999999996
2033-01-07,2578.8929999999996
2033-01-08,2583.7679999999996
2033-01-09,2589.8499999999995
2033-01-10,2589.3399999999992
2033-01-11,2589.3399999999992
2033-01-12,2580.0349999999994
2033-01-13,2583.5999999999995
2033-01-14,2585.9559999999997
2033-01-15,2582.7579999999994
2033-01-16,2589.807999999999
2033-01-17,2582.4919999999997
2033-01-18,2590.7989999999995
2033-01-19,2596.0329999999994
2033-01-20,2590.890999999999
2033-01-21,2603.281999999999
2033-01-22,2598.372999999999
2033-01-23,2605.3089999999993
2033-01-24,2609.988999999999
2033-01-25,2600.301999999999
2033-01-26,2600.5879999999993
2033-01-27,2604.801999999999
2033-01-28,2601.867999999999
2033-01-29,2601.7709999999993
2033-01-30,2602.3849999999998
2033-01-31,2597.0039999999995
2033-02-01,2605.9009999999994
2033-02-02,2610.931999999999
2033-02-03,2607.623999999999
2033-02-04,2602.1089999999995
2033-02-05,2604.400999999999
2033-02-06,2606.813999999999
2033-02-07,2612.1279999999992
2033-02-08,2607.8789999999985
2033-02-09,2606.633999999999
2033-02-10,2607.572999999999
2033-02-11,2598.5389999999993
2033-02-12,2610.756999999999
2033-02-13,2603.1869999999994
2033-02-14,2599.177999999999
2033-02-15,2598.483999999999
2033-02-16,2592.0789999999997
2033-02-17,2608.3519999999994
2033-02-18,2601.9479999999994
2033-02-19,2590.289999999999
2033-02-20,2600.952999999999
2033-02-21,2599.2739999999994
2033-02-22,2607.6949999999993
2033-02-23,2608.736999999999
2033-02-24,2603.4809999999993
2033-02-25,2604.0749999999994
2033-02-26,2601.7479999999987
2033-02-27,2598.941999999999
2033-02-28,2603.626999999999
2033-03-01,2605.8249999999994
2033-03-02,2598.813999999999
2033-03-03,2589.8639999999996
2033-03-04,2587.118999999999
2033-03-05,2604.260999999999
2033-03-06,2587.915999999999
2033-03-07,2599.2919999999995
2033-03-08,2604.978999999999
2033-03-09,2593.799999999999
2033-03-10,2601.101999999999
2033-03-11,2594.438999999999
2033-03-12,2594.0419999999995
2033-03-13,2604.208999999999
2033-03-14,2595.798999999999
2033-03-15,2610.877999999999
2033-03-16,2603.824999999999
2033-03-17,2601.5949999999993
2033-03-18,2600.978999999999
2033-03-19,2609.4629999999993
2033-03-20,2595.664999999999
2033-03-21,2603.428999999999
2033-03-22,2597.2289999999994
2033-03-23,2596.515999999999
2033-03-24,2599.6899999999996
2033-03-25,2592.192999999999
2033-03-26,2594.535999999999
2033-03-27,2596.0669999999996
2033-03-28,2598.5949999999993
2033-03-29,2585.459
2033-03-30,2589.513999999999
2033-03-31,2598.276999999999
2033-04-01,2589.4789999999994
2033-04-02,2593.8739999999993
2033-04-03,2594.080999999999
2033-04-04,2600.740999999999
2033-04-05,2587.019999999999
2033-04-06,2589.93
2033-04-07,2593.171
2033-04-08,2588.0569999999993
2033-04-09,2590.8799999999997
2033-04-10,2586.5599999999995
2033-04-11,2578.468999999999
2033-04-12,2585.902999999999
2033-04-13,2587.3339999999994
2033-04-14,2589.984999999999
2033-04-15,2592.2009999999996
2033-04-16,2575.6779999999994
2033-04-17,2597.187999999999
2033-04-18,2578.5749999999994
2033-04-19,2594.974999999999
2033-04-20,2581.807999999999
2033-04-21,2585.902999999999
2033-04-22,2582.8629999999994
2033-04-23,2584.6709999999994
2033-04-24,2581.807999999999
2033-04-25,2578.5279999999993
2033-04-26,2587.978999999999
2033-04-27,2576.8609999999994
2033-04-28,2582.6869999999994
2033-04-29,2584.9029999999993
2033-04-30,2576.8609999999994
2033-05-01,2586.267999999999
2033-05-02,2584.501999999999
2033-05-03,2583.072999999999
2033-05-04,2576.5949999999993
2033-05-05,2573.6929999999998
2033-05-06,2577.8209999999995
2033-05-07,2581.249
2033-05-08,2577.9099999999994
2033-05-09,2575.6479999999992
2033-05-10,2575.741999999999
2033-05-11,2583.1839999999993
2033-05-12,2575.6669999999995
2033-05-13,2578.2759999999994
2033-05-14,2574.1419999999994
2033-05-15,2580.948999999999
2033-05-16,2574.557
2033-05-17,2581.142999999999
2033-05-18,2574.1419999999994
2033-05-19,2574.6629999999996
2033-05-20,2577.5259999999994
2033-05-21,2575.037
2033-05-22,2573.1899999999996
2033-05-23,2574.403
2033-05-24,2573.829999999999
2033-05-25,2573.5699999999993
2033-05-26,2575.7619999999993
2033-05-27,2576.130999999999
2033-05-28,2574.5679999999993
2033-05-29,2574.5679999999993
2033-05-30,2576.651999999999
2033-05-31,2579.638999999999
2033-06-01,2578.9359999999992
2033-06-02,2573.512999999999
2033-06-03,2573.512999999999
2033-06-04,2573.314
2033-06-05,2582.009999999999
2033-06-06,2580.361999999999
2033-06-07,2574.707
2033-06-08,2574.218
2033-06-09,2587.5009999999993
2033-06-10,2572.9299999999994
2033-06-11,2578.5179999999996
2033-06-12,2580.8809999999994
2033-06-13,2586.3359999999993
2033-06-14,2580.0649999999996
2033-06-15,2580.4969999999994
2033-06-16,2579.8659999999995
2033-06-17,2582.0839999999994
2033-06-18,2588.8269999999993
2033-06-19,2582.208999999999
2033-06-20,2574.3689999999992
2033-06-21,2582.2939999999994
2033-06-22,2588.553999999999
2033-06-23,2580.954999999999
2033-06-24,2581.217999999999
2033-06-25,2587.279999999999
2033-06-26,2588.553999999999
2033-06-27,2580.9859999999994
2033-06-28,2577.546999999999
2033-06-29,2581.1449999999995
2033-06-30,2587.658999999999
2033-07-01,2587.5299999999993
2033-07-02,2590.019999999999
2033-07-03,2589.2429999999995
2033-07-04,2586.550999999999
2033-07-05,2588.3199999999993
2033-07-06,2588.955999999999
2033-07-07,2592.6219999999994
2033-07-08,2587.5299999999993
2033-07-09,2590.963999999999
2033-07-10,2589.513999999999
2033-07-11,2590.417999999999
2033-07-12,2589.0579999999995
2033-07-13,2590.403999999999
2033-07-14,2584.090999999999
2033-07-15,2584.090999999999
2033-07-16,2584.090999999999
2033-07-17,2589.635999999999
2033-07-18,2583.5879999999993
2033-07-19,2590.417999999999
2033-07-20,2590.4319999999993
2033-07-21,2582.9299999999994
2033-07-22,2582.9299999999994
2033-07-23,2590.4319999999993
2033-07-24,2588.182
2033-07-25,2586.708999999999
2033-07-26,2588.381
2033-07-27,2586.6799999999994
2033-07-28,2588.6739999999995
2033-07-29,2583.2069999999994
2033-07-30,2582.1379999999995
2033-07-31,2589.5479999999993
2033-08-01,2582.330999999999
2033-08-02,2587.5889999999995
2033-08-03,2581.6349999999993
2033-08-04,2586.4709999999995
2033-08-05,2581.814
2033-08-06,2586.1939999999995
2033-08-07,2587.2649999999994
2033-08-08,2578.3109999999992
2033-08-09,2585.7819999999992
2033-08-10,2581.506
2033-08-11,2585.0519999999997
2033-08-12,2580.096
2033-08-13,2588.9339999999993
2033-08-14,2578.3439999999996
2033-08-15,2584.307
2033-08-16,2581.8319999999994
2033-08-17,2585.8649999999993
2033-08-18,2572.051
2033-08-19,2586.7109999999993
2033-08-20,2571.9279999999994
2033-08-21,2588.9469999999997
2033-08-22,2583.7799999999993
2033-08-23,2584.6899999999996
2033-08-24,2583.153
2033-08-25,2582.597999999999
2033-08-26,2586.0069999999996
2033-08-27,2585.649999999999
2033-08-28,2586.2079999999996
2033-08-29,2579.5119999999997
2033-08-30,2584.3369999999995
2033-08-31,2585.3619999999996
2033-09-01,2583.9869999999996
2033-09-02,2583.724
2033-09-03,2582.669
2033-09-04,2585.281
2033-09-05,2586.0229999999997
2033-09-06,2586.8179999999993
2033-09-07,2587.8759999999993
2033-09-08,2586.0289999999995
2033-09-09,2587.8549999999996
2033-09-10,2583.6799999999994
2033-09-11,2586.0289999999995
2033-09-12,2586.1859999999992
2033-09-13,2586.2889999999993
2033-09-14,2587.164999999999
2033-09-15,2587.545
2033-09-16,2586.3729999999996
2033-09-17,2587.4439999999995
2033-09-18,2590.0729999999994
2033-09-19,2589.5599999999995
2033-09-20,2588.0389999999998
2033-09-21,2589.0939999999996
2033-09-22,2591.740999999999
2033-09-23,2589.3619999999996
2033-09-24,2591.329999999999
2033-09-25,2589.0179999999996
2033-09-26,2590.9699999999993
2033-09-27,2591.5799999999995
2033-09-28,2588.3199999999997
2033-09-29,2599.1759999999995
2033-09-30,2590.0729999999994
2033-10-01,2594.7819999999997
2033-10-02,2591.740999999999
2033-10-03,2589.7199999999993
2033-10-04,2591.5849999999996
2033-10-05,2594.5319999999997
2033-10-06,2593.7399999999993
2033-10-07,2593.7039999999993
2033-10-08,2593.8179999999998
2033-10-09,2594.4329999999995
2033-10-10,2592.207999999999
2033-10-11,2597.9719999999998
2033-10-12,2599.423999999999
2033-10-13,2593.2639999999997
2033-10-14,2590.946999999999
2033-10-15,2593.9329999999995
2033-10-16,2599.631999999999
2033-10-17,2593.1279999999997
2033-10-18,2598.5769999999998
2033-10-19,2600.604999999999
2033-10-20,2593.477
2033-10-21,2597.347999999999
2033-10-22,2597.8269999999998
2033-10-23,2600.7099999999996
2033-10-24,2592.4179999999997
2033-10-25,2601.35
2033-10-26,2591.591999999999
2033-10-27,2591.4049999999997
2033-10-28,2595.0929999999994
2033-10-29,2595.5859999999993
2033-10-30,2584.4979999999996
2033-10-31,2585.346
2033-11-01,2583.3989999999994
2033-11-02,2591.1099999999997
2033-11-03,2588.9659999999994
2033-11-04,2588.892
2033-11-05,2583.855
2033-11-06,2585.8019999999997
2033-11-07,2586.5519999999997
2033-11-08,2589.3919999999994
2033-11-09,2585.8019999999997
2033-11-10,2585.346
2033-11-11,2588.0199999999995
2033-11-12,2591.1099999999997
2033-11-13,2588.0199999999995
2033-11-14,2579.475
2033-11-15,2585.1619999999994
2033-11-16,2585.1619999999994
2033-11-17,2583.9879999999994
2033-11-18,2585.4199999999996
2033-11-19,2585.8759999999997
2033-11-20,2584.1459999999997
2033-11-21,2585.8759999999997
2033-11-22,2583.307
2033-11-23,2589.8479999999995
2033-11-24,2583.8239999999996
2033-11-25,2584.758
2033-11-26,2580.593
2033-11-27,2580.383
2033-11-28,2580.593
2033-11-29,2582.8109999999992
2033-11-30,2586.0209999999993
2033-12-01,2583.1189999999992
2033-12-02,2575.1699999999996
2033-12-03,2580.3759999999997
2033-12-04,2575.159
2033-12-05,2582.8109999999992
2033-12-06,2580.6629999999996
2033-12-07,2582.6009999999997
2033-12-08,2583.2389999999996
2033-12-09,2579.5
2033-12-10,2575.1699999999996
2033-12-11,2582.0989999999997
2033-12-12,2585.066
2033-12-13,2586.975999999999
2033-12-14,2587.0619999999994
2033-12-15,2575.7089999999994
2033-12-16,2583.176
2033-12-17,2581.834999999999
2033-12-18,2578.4309999999996
2033-12-19,2578.1019999999994
2033-12-20,2569.7069999999994
2033-12-21,2580.7799999999993
2033-12-22,2578.528999999999
2033-12-23,2575.0429999999997
2033-12-24,2574.792999999999
2033-12-25,2580.1889999999994
2033-12-26,2580.8949999999995
2033-12-27,2585.0179999999996
2033-12-28,2578.3389999999995
2033-12-29,2580.249
2033-12-30,2585.2679999999996
2033-12-31,2584.1949999999993
2034-01-01,2587.5269999999996
2034-01-02,2583.5259999999994
2034-01-03,2580.1339999999996
2034-01-04,2581.7219999999993
2034-01-05,2584.3899999999994
2034-01-06,2585.0179999999996
2034-01-07,2583.0549999999994
2034-01-08,2580.9519999999993
2034-01-09,2576.2659999999996
2034-01-10,2579.8009999999995
2034-01-11,2579.812
2034-01-12,2580.201
2034-01-13,2583.5449999999996
2034-01-14,2585.8259999999996
2034-01-15,2585.8259999999996
2034-01-16,2580.644999999999
2034-01-17,2585.4669999999996
2034-01-18,2580.8189999999995
2034-01-19,2582.295
2034-01-20,2582.0929999999994
2034-01-21,2579.2439999999997
2034-01-22,2579.7619999999997
2034-01-23,2580.9789999999994
2034-01-24,2581.426999999999
2034-01-25,2576.0919999999996
2034-01-26,2578.7459999999996
2034-01-27,2578.1749999999997
2034-01-28,2579.315
2034-01-29,2577.8559999999998
2034-01-30,2576.5399999999995
2034-01-31,2578.7459999999996
2034-02-01,2574.2999999999993
2034-02-02,2581.207
2034-02-03,2577.161
2034-02-04,2580.1339999999996
2034-02-05,2580.3839999999996
2034-02-06,2578.6789999999996
2034-02-07,2585.0209999999997
2034-02-08,2576.2019999999998
2034-02-09,2580.9569999999994
2034-02-10,2578.1749999999997
2034-02-11,2575.7729999999997
2034-02-12,2575.842
2034-02-13,2585.0229999999997
2034-02-14,2576.9109999999996
2034-02-15,2577.8009999999995
2034-02-16,2583.0069999999996
2034-02-17,2580.457
2034-02-18,2580.707
2034-02-19,2576.271
2034-02-20,2577.8009999999995
2034-02-21,2579.817
2034-02-22,2581.3469999999998
2034-02-23,2577.0869999999995
2034-02-24,2586.553
2034-02-25,2583.0069999999996
2034-02-26,2584.645
2034-02-27,2578.613
2034-02-28,2583.0069999999996
2034-03-01,2584.645
2034-03-02,2576.828
2034-03-03,2582.3669999999997
2034-03-04,2586.553
2034-03-05,2583.507
2034-03-06,2583.0069999999996
2034-03-07,2583.0069999999996
2034-03-08,2583.0069999999996
2034-03-09,2583.0069999999996
2034-03-10,2586.553
2034-03-11,2583.0069999999996
2034-03-12,2583.0069999999996
2034-03-13,2584.954
2034-03-14,2583.0069999999996
2034-03-15,2580.1529999999993
2034-03-16,2583.0069999999996
2034-03-17,2583.2569999999996
2034-03-18,2589.0809999999997
2034-03-19,2583.8839999999996
2034-03-20,2581.4069999999997
2034-03-21,2588.2779999999993
2034-03-22,2584.953
2034-03-23,2580.3559999999998
2034-03-24,2580.0719999999997
2034-03-25,2581.4069999999997
2034-03-26,2580.0719999999997
2034-03-27,2581.1409999999996
2034-03-28,2578.879
2034-03-29,2585.5349999999994
2034-03-30,2581.1409999999996
2034-03-31,2581.4069999999997
2034-04-01,2581.4069999999997
2034-04-02,2584.953
2034-04-03,2584.953
2034-04-04,2580.3379999999997
2034-04-05,2581.1409999999996
2034-04-06,2580.0719999999997
2034-04-07,2575.475
2034-04-08,2574.6829999999995
2034-04-09,2580.0719999999997
2034-04-10,2575.7409999999995
2034-04-11,2579.3429999999994
2034-04-12,2580.0719999999997
2034-04-13,2575.7409999999995
2034-04-14,2573.9559999999997
2034-04-15,2578.3499999999995
2034-04-16,2575.7409999999995
2034-04-17,2573.9559999999997
2034-04-18,2575.7409999999995
2034-04-19,2578.5529999999994
2034-04-20,2576.796
2034-04-21,2574.218999999999
2034-04-22,2574.9489999999996
2034-04-23,2573.8819999999996
2034-04-24,2573.316
2034-04-25,2575.0109999999995
2034-04-26,2573.9559999999997
2034-04-27,2573.9559999999997
2034-04-28,2574.3709999999996
2034-04-29,2575.0249999999996
2034-04-30,2573.9559999999997
2034-05-01,2576.796
2034-05-02,2575.1009999999997
2034-05-03,2575.0109999999995
2034-05-04,2576.796
2034-05-05,2573.9559999999997
2034-05-06,2573.9559999999997
2034-05-07,2573.9559999999997
2034-05-08,2573.316
2034-05-09,2573.316
2034-05-10,2573.9559999999997
2034-05-11,2575.0109999999995
2034-05-12,2573.316
2034-05-13,2573.316
2034-05-14,2575.0109999999995
2034-05-15,2574.3709999999996
2034-05-16,2574.3709999999996
2034-05-17,2574.3709999999996
2034-05-18,2575.1009999999997
2034-05-19,2574.3709999999996
2034-05-20,2576.796
2034-05-21,2577.8739999999993
2034-05-22,2573.9559999999997
2034-05-23,2583.796999999999
2034-05-24,2575.0109999999995
2034-05-25,2574.3709999999996
2034-05-26,2581.1219999999994
2034-05-27,2582.218999999999
2034-05-28,2582.6519999999987
2034-05-29,2582.0119999999993
2034-05-30,2580.4339999999993
2034-05-31,2579.5439999999994
2034-06-01,2575.0109999999995
2034-06-02,2579.5439999999994
2034-06-03,2583.796999999999
2034-06-04,2578.488999999999
2034-06-05,2575.0109999999995
2034-06-06,2578.9039999999995
2034-06-07,2582.6519999999987
2034-06-08,2584.0529999999994
2034-06-09,2581.3289999999997
2034-06-10,2580.363999999999
2034-06-11,2579.5439999999994
2034-06-12,2576.6109999999994
2034-06-13,2582.0979999999995
2034-06-14,2580.249
2034-06-15,2575.7159999999994
2034-06-16,2582.923999999999
2034-06-17,2582.033999999999
2034-06-18,2580.249
2034-06-19,2579.6089999999995
2034-06-20,2574.8259999999996
2034-06-21,2579.4739999999993
2034-06-22,2574.8259999999996
2034-06-23,2576.6109999999994
2034-06-24,2580.249
2034-06-25,2582.033999999999
2034-06-26,2580.0499999999997
2034-06-27,2574.1859999999997
2034-06-28,2576.4119999999994
2034-06-29,2576.4119999999994
2034-06-30,2576.4119999999994
2034-07-01,2579.2239999999997
2034-07-02,2581.009
2034-07-03,2581.2079999999996
2034-07-04,2585.726999999999
2034-07-05,2581.2079999999996
2034-07-06,2581.2079999999996
2034-07-07,2581.009
2034-07-08,2581.2079999999996
2034-07-09,2581.2079999999996
2034-07-10,2580.3039999999996
2034-07-11,2581.009
2034-07-12,2581.009
2034-07-13,2580.3039999999996
2034-07-14,2581.3729999999996
2034-07-15,2585.925999999999
2034-07-16,2580.5029999999997
2034-07-17,2580.5029999999997
2034-07-18,2580.5029999999997
2034-07-19,2581.2079999999996
2034-07-20,2579.5119999999997
2034-07-21,2580.3039999999996
2034-07-22,2580.5029999999997
2034-07-23,2581.009
2034-07-24,2581.8989999999994
2034-07-25,2579.6639999999998
2034-07-26,2579.6639999999998
2034-07-27,2581.009
2034-07-28,2582.5009999999993
2034-07-29,2579.6639999999998
2034-07-30,2579.5899999999997
2034-07-31,2581.611
2034-08-01,2581.5369999999994
2034-08-02,2582.426999999999
2034-08-03,2579.6639999999998
2034-08-04,2580.73
2034-08-05,2579.6639999999998
2034-08-06,2581.5219999999995
2034-08-07,2574.0139999999997
2034-08-08,2578.053
2034-08-09,2579.5009999999993
2034-08-10,2578.9429999999998
2034-08-11,2579.1059999999998
2034-08-12,2578.053
2034-08-13,2578.6109999999994
2034-08-14,2579.0169999999994
2034-08-15,2578.9429999999998
2034-08-16,2578.9429999999998
2034-08-17,2577.8879999999995
2034-08-18,2580.332999999999
2034-08-19,2579.843
2034-08-20,2578.9429999999998
2034-08-21,2582.6549999999993
2034-08-22,2577.4699999999993
2034-08-23,2582.580999999999
2034-08-24,2577.4699999999993
2034-08-25,2578.9429999999998
2034-08-26,2578.9429999999998
2034-08-27,2578.9429999999998
2034-08-28,2579.0169999999994
2034-08-29,2581.8059999999996
2034-08-30,2584.365999999999
2034-08-31,2578.9429999999998
2034-09-01,2579.1929999999993
2034-09-02,2581.8059999999996
2034-09-03,2578.9429999999998
2034-09-04,2578.053
2034-09-05,2584.115999999999
2034-09-06,2585.0059999999994
2034-09-07,2579.5829999999996
2034-09-08,2581.5399999999995
2034-09-09,2583.5609999999992
2034-09-10,2580.7509999999993
2034-09-11,2587.202999999999
2034-09-12,2584.2789999999995
2034-09-13,2578.9429999999998
2034-09-14,2582.4729999999995
2034-09-15,2578.066999999999
2034-09-16,2579.8329999999996
2034-09-17,2582.489
2034-09-18,2581.9159999999993
2034-09-19,2585.2119999999995
2034-09-20,2579.5669999999996
2034-09-21,2579.5669999999996
2034-09-22,2578.2889999999993
2034-09-23,2587.508
2034-09-24,2590.6349999999993
2034-09-25,2587.1709999999994
2034-09-26,2581.7399999999993
2034-09-27,2586.101999999999
2034-09-28,2586.2809999999995
2034-09-29,2587.0889999999995
2034-09-30,2585.5039999999995
2034-10-01,2584.1819999999993
2034-10-02,2583.7979999999993
2034-10-03,2586.8719999999994
2034-10-04,2587.035
2034-10-05,2598.5989999999997
2034-10-06,2587.9629999999993
2034-10-07,2585.0039999999995
2034-10-08,2584.0259999999994
2034-10-09,2589.9119999999994
2034-10-10,2590.1609999999996
2034-10-11,2583.457
2034-10-12,2590.8759999999997
2034-10-13,2588.1279999999992
2034-10-14,2586.4899999999993
2034-10-15,2587.7659999999996
2034-10-16,2588.6559999999995
2034-10-17,2585.7929999999997
2034-10-18,2583.85
2034-10-19,2582.8569999999995
2034-10-20,2580.3289999999993
2034-10-21,2587.8679999999995
2034-10-22,2585.5349999999994
2034-10-23,2580.3289999999993
2034-10-24,2586.3399999999997
2034-10-25,2586.5899999999997
2034-10-26,2588.1569999999997
2034-10-27,2587.658999999999
2034-10-28,2580.0789999999993
2034-10-29,2580.8269999999998
2034-10-30,2589.452999999999
2034-10-31,2585.2849999999994
2034-11-01,2586.356999999999
2034-11-02,2580.3289999999993
2034-11-03,2587.658999999999
2034-11-04,2584.2399999999993
2034-11-05,2581.1509999999994
2034-11-06,2580.3289999999993
2034-11-07,2589.2029999999995
2034-11-08,2585.0339999999997
2034-11-09,2582.3399999999992
2034-11-10,2580.3289999999993
2034-11-11,2582.0759999999996
2034-11-12,2588.579999999999
2034-11-13,2575.815
2034-11-14,2581.9889999999996
2034-11-15,2586.64
2034-11-16,2581.9889999999996
2034-11-17,2580.43
2034-11-18,2580.2609999999995
2034-11-19,2585.7169999999996
2034-11-20,2580.0789999999993
2034-11-21,2584.9989999999993
2034-11-22,2593.3579999999993
2034-11-23,2584.4489999999996
2034-11-24,2581.1409999999996
2034-11-25,2581.8489999999997
2034-11-26,2580.0789999999993
2034-11-27,2577.6019999999994
2034-11-28,2585.5349999999994
2034-11-29,2577.8519999999994
2034-11-30,2582.486
2034-12-01,2578.120999999999
2034-12-02,2587.805
2034-12-03,2586.4799999999996
2034-12-04,2587.9389999999994
2034-12-05,2587.937
2034-12-06,2587.7439999999992
2034-12-07,2583.6159999999995
2034-12-08,2583.6159999999995
2034-12-09,2579.8039999999996
2034-12-10,2583.542
2034-12-11,2583.3499999999995
2034-12-12,2580.0699999999993
2034-12-13,2581.0879999999993
2034-12-14,2586.794
2034-12-15,2582.7399999999993
2034-12-16,2581.407999999999
2034-12-17,2589.3479999999995
2034-12-18,2582.9389999999994
2034-12-19,2586.8009999999995
2034-12-20,2586.4609999999993
2034-12-21,2582.399999999999
2034-12-22,2579.8719999999994
2034-12-23,2585.1869999999994
2034-12-24,2573.8099999999995
2034-12-25,2587.6699999999996
2034-12-26,2585.1419999999994
2034-12-27,2579.9519999999998
2034-12-28,2578.880999999999
2034-12-29,2579.7169999999996
